title,color,size
ZAPATILLAS LA SPORTIVA MUTANT MUJER ÓPALO AGUA 39 Agua,Agua,39
"Botas La Sportiva Olympus Mons Evo Negro Amarillo 42,5 Negro/amarillo",Negro/Amarillo,"42,5"
Botas Boreal Atlas 37 Marron,Marron,37
"Zapatillas Montaña Columbia Redmond Hombre Marron 43,5 Marron",Marron,"43,5"
Botas Boreal Ordesa Women's Gris 38 3/4 Gris,Gris,38 3/4
Zapatillas Boreal FLYERS VENT MARINO 40 3/4 Azul Marino,Azul Marino,40 3/4
Pies de gato La Sportiva Solution mujer White-Lily Orange 38 Blanco/Naranja,Blanco/Naranja,38
Botas de Montaña Merrell Moab Fst Ice+ Thermo Hombre 42 Verde oliva,Verde oliva,42
BOTAS CHIRUCA MASSANA 05 GORE-TEX ASFALTO-ROJO 34 Asfalto,Asfalto,34
Zapatillas Salomon Xa Pro 3d J Niños Dalia 33 Rojo,Rojo,33
Botas De Montaña Merrell Capra Mid Sport Gore-tex Hombre 45 Naranja,Naranja,45
Sombrero Ternua Kliluk Beige S/M Taupe,Taupe,S/M
"Sandalias Teva Hurricane Xlt2 Hombre Bumerang Negro 44,5 Negro",Negro,"44,5"
Chaqueta De Punto Campagnolo 3h60747n Hombre Vaquero 46 Vaquero,Vaquero,46
Chaqueta Mac In A Sac Mias Ultra Negro Naranja L Negro/Naranja,Negro/Naranja,L
BOTAS CHIRUCA CARES 05 GORE-TEX GRIS 37 Gris,Gris,37
Botas Boreal MAZAMA GRIS 46 Gris,Gris,46
Chaqueta La Sportiva Promo Fleece Mujer Negro M Negro/Amarillo,Negro/Amarillo,M
Chaqueta Salomon Bonatti Race Wp Hombre Gris XL Gris,Gris,XL
Botas Boreal MALI GRIS 37 Gris,Gris,37
Banda para el Pelo La Sportiva Fade Headband Negro Naranja L Negro/Naranja,Negro/Naranja,L
Pies de gato La Sportiva Solution White-Yellow 41.5 Blanco/Amarillo,Blanco/Amarillo,41.5
Botas Montaña Merrell Moab Mid GoreTex Hombre Marron 43 Marron,Marron,43
Botas Chiruca Sarria 07 Mujer Gris Burdeos 40 Gris,Gris,40
Zapatillas La Sportiva Jynx Niños 36-40 Negro 37 Negro/amarillo,Negro/Amarillo,37
Zapatillas Salomon X Ultra 3 Gtx Hombre Negro Verde 46 Negro/verde,Negro/Verde,46
Botas Boreal NELION WOMEN'S 37 Lima,Lima,37
ZAPATILLAS CHIRUCA DETROIT 12 GORE-TEX MARRON 40 Marron,Marron,40
Sombrero Ternua Kliluk Taupe S/M Taupe,Taupe,S/M
GUANTE ALOIS TRANGO GRIS S Gris,Gris,S
Pies de gato La Sportiva Skwama mujer Apple Green-Cobalt Blue 41.5 Verde/Azul,Verde/Azul,41.5
Pies de gato La Sportiva Solution White-Yellow 41 Blanco/Amarillo,Blanco/Amarillo,41
Botas La Sportiva Trango Tech Gtx Negro-Amarillo 40 Negro/Amarillo,Negro/Amarillo,40
Chaqueta De Punto Campagnolo 38h2237 Hombre Gris 50 Gris,Gris,50
Mochila Trail Running Salomon Adv Skin 5 Set Morado M/l Morado,Morado,M/L
Pies de gato La Sportiva Mythos Lady 36.5 Blanco,Blanco,36.5
Zapatillas La Sportiva Wild Cat Mujer Gris Rojo 37.5 Gris/Rojo,Gris/Rojo,37.5
Botas Boreal BAMBA MID WS GRIS 40 Gris,Gris,40
Zapatillas trail running La Sportiva Bushido Hombre Negro Amarillo 41 Negro/Amarillo,Negro/Amarillo,41
Saco Lc 450 Ua Trango Negro-antracita Derecha Negro,Negro,Derecha
"Botas La Sportiva Trango Trk Gtx Carbon 44,5 Carbon",Carbon,"44,5"
CHAQUETA RUNART TRANGO LIMA-LIMA L Lima,Lima,L
Botas Boreal TEMPEST MID GRAFITO 39.5 Gris/Verde,Gris/Verde,39.5
Botas Columbia Cascade Pass Waterproof Hombre Marron 42 Marron,Marron,42
Botas Salomon X Ultra 3 Mid Gtx Mujer Hydro 36 2/3 Azul,Azul,36 2/3
BOTAS CHIRUCA MASSANA 05 GORE-TEX ASFALTO-ROJO 41 Asfalto,Asfalto,41
Zapatillas Boreal GLOVE OLIVA 42 verde oliva,verde oliva,42
Zapatillas Salomon X Ultra 3 Goretex Hombre Mar De Los Sargazos 41 1/3 Azul,Azul,41 1/3
Botas Chiruca Dallas 05 Gore-tex Negro 44 Negro,Negro,44
Chaqueta Mac In A Sac Mias Origin Rojo Lava L Lava,Lava,L
Zapatillas Boreal Sendai Vent verde 46 verde,verde,46
Pies de gato La Sportiva Mythos Terra 40 Tierra Oscura,Tierra Oscura,40
BOTAS CHIRUCA CLETA 02 MARRON 39 Marron,Marron,39
Zapatillas HI-Tec Wild-Fire Low I Wp Hombre Chocolate 41 Chocolate,Chocolate,41
Botas Boreal BAMBA MID MARINO 44.5 Azul Marino,Azul Marino,44.5
Botas Boreal ASPEN GIRLS 30 Gris/Turquesa,Gris/Turquesa,30
ZAPATILLAS CHIRUCA SENDERO 02 GORE-TEX MARRON 43 Marron,Marron,43
Botas Hi-tec Gregal Mid Wp Hombre Gris 45 Gris,Gris,45
Chaqueta Columbia Powder Lite Hooded Hombre Rojo S Rojo/Azul,Rojo/Azul,S
Zapatillas Boreal Sendai Vent Grafito 43 1/4 Gris/verde,Gris/verde,43 1/4
Zapatillas trekking SALEWA Ms Wildfire Vent Hombre Marron 42 Marron,Marron,42
Botas Boreal TURKANA GRIS 37.5 Gris,Gris,37.5
ZAPATILLAS LA SPORTIVA KAPTIVA HOMBRE ÓPALO CHILE 47 Azul/Rojo,Azul/Rojo,47
Botas Boreal SIANA CORAL 37 Coral,Coral,37
Pies de gato La Sportiva Finale mujer Grey-Coral 36 Gris/Coral,Gris/Coral,36
BOTAS CHIRUCA GREDOS SUPRA 05 GORE-TEX GRIS 46 Gris,Gris,46
Zapatillas Saucony Excursion Tr12 Mujer Azul Negro 38 Azul/negro,Azul/Negro,38
Botas Boreal KERALA GRIS 39.5 Gris,Gris,39.5
Zapatillas Nike Tanjun Se Hombre Azul 42 Azul,Azul,42
Pies de gato La Sportiva Genius 38.5 Rojo/Amarillo,Rojo/Amarillo,38.5
Zapatillas Boreal AZTEC ANTRACITA 39.5 Antracita,Antracita,39.5
ATTIPAS - Attipas calzado los primeros pasos sneakers violeta 20 VIOLETA,VIOLETA,20
Chaqueta de plumas Haglöfs Essens III Hombre Azul Oscuro S Azul oscuro,Azul oscuro,S
Botas Boreal Sherpa 40 Marron,Marron,40
Zapatillas Hi-tec Gregal Low Wp Hombre Marron 46 Marron,Marron,46
Zapatillas La Sportiva Kaptiva GoreTex Hombre Negro Amarillo 43.5 Negro/Amarillo,Negro/Amarillo,43.5
Chaqueta Haglöfs Heron Hombre Pizarra M Pizarra,Pizarra,M
Zapatillas La Sportiva Pyramid Mujer Gtx Marrón 37 Marron,Marron,37
Botas Hi-Tec Garcia Sport Wp Hombre Gris 44 Gris,Gris,44
Pies de gato La Sportiva Finale VS mujer Grey-Coral 39 Gris/Coral,Gris/Coral,39
Zapatillas Nike Revolution 4 Eu Mujer Tormenta 42 Azul,Azul,42
Botas Salomon X Ultra 3 Mid Gtx Mujer Imán 39 1/3 Negro,Negro,39 1/3
Botas De Montaña Salomon Quest Origins 2 Gtx Hombre 42 Verde,Verde,42
BOTAS CHIRUCA GREDOS SUPRA 05 GORE-TEX GRIS 41 Gris,Gris,41
Zapatillas Salomon Ultra Pro Hombre Clima Tormentoso 42 Gris/Naranja,Gris/Naranja,42
Mallas Sontress 1608 Mujer Negro 2xl Negro,Negro,2XL
"Zapatillas Boreal Magma Grafito 46,5 Gris Oscuro",Gris Oscuro,"46,5"
Calcetines Lorpen T3 Midweight Hiker Negro 39/42 Negro,Negro,39/42
Camiseta Ternua Talok 1/2 Zip Hombre Mousse Grey S Gris,Gris,S
ZAPATILLAS CHIRUCA PANTERA GTX 03 GORE-TEX GRIS-AZUL 37 Gris/Azul,Gris/Azul,37
Pies de gato La Sportiva Miura Lime 43 Lima,Lima,43
ATTIPAS - Zapatos primeros pasos attipas tie 20 GRIS,GRIS,20
Botas La Sportiva Trango Trk Gtx Amarillo Negro 45 Amarillo/negro,Amarillo/Negro,45
Chaqueta Soft Shell Trekking Izas Copper Hombre Negro Rojo M Negro/rojo,Negro/Rojo,M
"Zapatillas Saucony Jazz Original Amarillo Azul 36,5 Amarillo/azul",Amarillo/Azul,"36,5"
Botas La Sportiva Trango Trk Gtx Amarillo Negro 42.5 Amarillo/Negro,Amarillo/Negro,42.5
Zapatillas Trail Running La Sportiva Bushido Mujer Azul Naranja 38 Azul/naranja,Azul/Naranja,38
Camiseta Trangoworld Omiz Hombre Naranja L Naranja,Naranja,L
Parka Inobe Termic Gtx Trango Marrón Bungee 2xl Marron,Marron,2XL
Zapatillas New Balance Gc574 Resina Desvanecida Negro 39 Kaki,Kaki,39
Chaqueta Mac In A Sac Mias Origin Rojo Lava M Lava,Lava,M
Zapatillas trekking Salewa Ms Speed Ascent Hombre Azul Amarillo 48.5 Azul/Amarillo,Azul/Amarillo,48.5
Botas Boreal TURKANA GRIS 37.5 Gris,Gris,37.5
Sandalias Hi-Tec Terreno Strap Hombre Carbón Gris Acero 43 Carbon,Carbon,43
Botas de Montaña Merrell Moab Fst Ice+ Thermo Hombre 45 Verde oliva,Verde oliva,45
"Zapatillas Boreal Chameleon Azul 44,5 Azul",Azul,"44,5"
Botas De Montaña Merrell Grassbow Mid Sport Goretex Hombre 41 Gris,Gris,41
Zapatillas Boreal GLOVE OLIVA 46.5 verde oliva,verde oliva,46.5
Zapatillas New Balance Kd373 Marron 30 Marron,Marron,30
Zapatillas La Sportiva Tx4 Hombre Naranja 45 Naranja,Naranja,45
Botas De Nieve Salewa Ws Capsico Mid Insulated Mujer 38 Gris,Gris,38
Pies de gato La Sportiva Mythos Terra 37.5 Tierra Oscura,Tierra Oscura,37.5
ATTIPAS - Zapatos bebé ribbon gris attipas 20 GRIS,GRIS,20
Sudadera +8000 Almaden J 044 Niños Azul 16 Azul,Azul,16
"Zapatillas Nike Revolution 4 Eu Mujer Tormenta 38,5 Azul",Azul,"38,5"
"Zapatillas Boreal Flyers Vent Rojo 42,5 Rojo",Rojo,"42,5"
Chaqueta Campagnolo 3a01787n Hombre Rojo 48 Rojo,Rojo,48
Zapatillas Boreal Chameleon Azul 46 Azul,Azul,46
BOTAS CHIRUCA CLETA 02 MARRON 41 Marron,Marron,41
Zapatillas La Sportiva Spire Gtx Hombre Gris 42 Negro,Negro,42
Chaqueta de fibras The North Face Thermoball Hoodie Hombre Azul Azul XL Azul/Azul,Azul/Azul,XL
"Zapatillas Trail Running La Sportiva Bushido Hombre Gris Verde 41,5 Gris/verde",Gris/Verde,"41,5"
BOTAS CHIRUCA MONIQUE 09 GORE-TEX GRIS-ROJO 36 Gris/Rojo,Gris/Rojo,36
Botas Chiruca Troll 01 GoreTex Niños Gris Verde 40 Gris/Verde,Gris/Verde,40
Sandalias De Descanso Salomon Rx Break Mujer Turquesa 40 2/3 Turquesa,Turquesa,40 2/3
Zapatillas Boreal Flyers Vent Rojo 44 Rojo,Rojo,44
Botas Chiruca Monique 07 Goretex Mujer Burdeos 39 Burdeos,Burdeos,39
Zapatillas Salomon X Ultra 3 Gtx Mujer Artic 40 2/3 Verde,Verde,40 2/3
BOTAS CHIRUCA GREDOS SUPRA 05 GORE-TEX GRIS 46 Gris,Gris,46
"Zapatillas Saucony Xodus Iso 3 Mujer Arándano 38,5 Rosa",Rosa,"38,5"
Pies de gato La Sportiva Kataki Ocean-Sulphur 39.5 Azul/Amarillo,Azul/Amarillo,39.5
Pantalones Running The North Face Versitas Short Mujer Morado L Morado,Morado,L
ZAPATILLAS LA SPORTIVA MUTANT MUJER ÓPALO AGUA 39 Agua,Agua,39
Botas La Sportiva Trango Trk Gtx Amarillo Negro 46.5 Amarillo/Negro,Amarillo/Negro,46.5
Chaqueta Running Salomon S-lab Light Jacket Hombre L Blanco,Blanco,L
Chaqueta Campagnolo 3E13116 Mujer Grafito Iris 40 Gris,Gris,40
BOTAS CHIRUCA URALES 12 GORE-TEX MARRON 41 Marron,Marron,41
Polo The North Face Polo Piquet Hombre Negro L Negro,Negro,L
Zapatillas Boreal FLYERS VENT MARINO 42 Azul Marino,Azul Marino,42
Botas Boreal KOVACH GRIS 44.5 Gris,Gris,44.5
Camiseta New Balance Essentials Stacked Logo Tee Hombre Rojo L Rojo,Rojo,L
Botas Chiruca Patagonia 12 Hombre Marron 42 Marron,Marron,42
Pies de gato La Sportiva Solution White-Yellow 39 Blanco/Amarillo,Blanco/Amarillo,39
Saucony Jazz Original Vintage Mujer Granate 37 Granate,Granate,37
Pantalones Breezy Coromell Mujer Negro Phlox L Negro/morado,Negro/Morado,L
Botas De Montaña Salomon Quest 4d 2 Gtx Hombre Marron Negro 43 1/3 Marron,Marron,43 1/3
Zapatillas Boreal FUTURA WS ROJO 37 Gris,Gris,37
Zapatillas Boreal DROM W'S MORADO 39.5 Morado,Morado,39.5
BOTAS CHIRUCA GALICIA 02 GORE-TEX MARRON 41 Marron,Marron,41
Botas La Sportiva Trango Guide Evo Gtx Azul 42 Azul/rojo,Azul/Rojo,42
ZAPATILLAS LA SPORTIVA ULTRA RAPTOR HOMBRE NEGRO AMARILLO 43.5 Negro/Amarillo,Negro/Amarillo,43.5
Camiseta The North Face S/s Kcc Chest Tee Hombre Verde M Verde,Verde,M
Pies de gato La Sportiva Otaki mujer Sulphur-Coral 36 Amarillo/Rosa,Amarillo/Rosa,36
Zapatillas Salomon X Ultra 3 Gtx Mujer Artic 40 Verde,Verde,40
Zapatillas Boreal FUTURA ANTRACITA 44.5 Antracita,Antracita,44.5
Botas Montaña Millet Ld High Route Mesh Hombre 43 1/3 Gris,Gris,43 1/3
Zapatillas Columbia Canyon Point Waterproof Hombre Carbon 48 Carbon,Carbon,48
Chaqueta Soft Shell Breezy Willy Willy Mujer Negro M Negro,Negro,M
Pies de gato La Sportiva Kataki mujer Mint-Coral 40 Menta,Menta,40
"Zapatillas La Sportiva Ultra Raptor Mujer Baya 38,5 Baya",Baya,"38,5"
Zapatillas La Sportiva Tx4 Mujer Gtx Gris 42 Gris,Gris,42
Sandalias Chiruca Capri 52 Hombre Marrón 44 Marron,Marron,44
Zapatillas La Sportiva Jynx Niños 36-40 Ópalo Manzana Verde 39 Azul,Azul,39
Camiseta The North Face S/s Kcc Chest Tee Hombre Verde M Verde,Verde,M
Sudadera Trekking Trangoworld Poppi Mujer Verde Granate L Verde,Verde,L
Zapatillas Boreal AZTEC WOMEN'S 41.5 Gris,Gris,41.5
Zapatillas La Sportiva Kaptiva GoreTex Hombre Negro Amarillo 42.5 Negro/Amarillo,Negro/Amarillo,42.5
Chaqueta De Punto Campagnolo 38h2237 Hombre Gris 50 Gris,Gris,50
Zapatillas Nike Revolution 4 Gs Azul 40 Azul,Azul,40
Zapatillas Nike Downshifter 8 Mujer Piedra Pómez 40 Verde,Verde,40
Zapatillas Saucony Jazz Trail Original Hombre Púrpura 44 Púrpura,Púrpura,44
"Zapatillas Boreal Alligator 44,5 Burdeos",Burdeos,"44,5"
Pies de gato La Sportiva Katana Yellow-Black 42 Amarillo/Negro,Amarillo/Negro,42
Pies de gato La Sportiva Solution White-Yellow 41.5 Blanco/Amarillo,Blanco/Amarillo,41.5
"Zapatillas Montaña Columbia Redmond Hombre Marron 43,5 Marron",Marron,"43,5"
Pies de gato La Sportiva Futura Blue-Yellow 44 Azul/Amarillo,Azul/Amarillo,44
Pies de gato La Sportiva Mythos Terra 40.5 Tierra Oscura,Tierra Oscura,40.5
Sudadera The North Face Drew Peak Hombre Gris Negro XL Gris/Negro,Gris/Negro,XL
Pies de gato La Sportiva Skwama mujer Apple Green-Cobalt Blue 41 Verde/Azul,Verde/Azul,41
Botas Boreal ZANSKAR GRIS 42 Gris,Gris,42
Pies de gato La Sportiva Solution mujer White-Lily Orange 33 Blanco/Naranja,Blanco/Naranja,33
Pantalones Ternua Natib Hombre Plata Profunda L Plata,Plata,L
Botas De Montaña Millet High Route Gtx Hombre 43 1/3 Marron,Marron,43 1/3
Zapatillas Hi-tec Sensor Trail Lite Hombre Azul 45 Azul,Azul,45
Botas Boreal MAIPO 40 Gris,Gris,40
Botas Boreal KLAMATH WMN'S LILA 37.5 Lila,Lila,37.5
Botas Salomon X Ultra 3 Mid Gtx Mujer Azul Lima 41 1/3 Azul/verde,Azul/Verde,41 1/3
Chaqueta Trail Running Salomon Bonatti Wp Hombre Lima L Lima,Lima,L
"Zapatillas Columbia Canyon Point Hombre Negro 43,5 Negro",Negro,"43,5"
Zapatillas Running Nike Revolution 3 Hombre Azul 44 Azul/blanco,Azul/Blanco,44
Botas Chiruca Troll 05 GoreTex Niños Gris Rojo 30 Gris/Rojo,Gris/Rojo,30
Zapatillas Salomon Ultra Pro Hombre Naranja Azul 46 Naranja/azul,Naranja/Azul,46
Pies de gato La Sportiva Skwama mujer Apple Green-Cobalt Blue 39.5 Verde/Azul,Verde/Azul,39.5
BOTAS CHIRUCA CAMEROS 02 MARRON 40 Marron,Marron,40
Pies de gato La Sportiva Mythos Terra 46.5 Tierra Oscura,Tierra Oscura,46.5
Botas Boreal Karok Women's 40 Gris,Gris,40
Chaqueta Columbia Powder Lite Hooded Hombre Rojo S Rojo/Azul,Rojo/Azul,S
Saco Lc 1000 Ua Trango Negro-rojo-gris Izquierda Negro,Negro,Izquierda
Pies de gato La Sportiva Futura Blue-Yellow 38.5 Azul/Amarillo,Azul/Amarillo,38.5
Zapatillas La Sportiva Unika Hombre Carbón Azul 43 Gris/azul,Gris/Azul,43
ZAPATILLAS CHIRUCA ETNICO 03 GTX SURROUND MARINO-MARRON 42 Azul Marino,Azul Marino,42
Zapatillas Hi-Tec Ravus Adventure Low Wp Hombre Marron 42 Marron,Marron,42
Zapatillas La Sportiva Kaptiva GoreTex Hombre Negro Amarillo 41.5 Negro/Amarillo,Negro/Amarillo,41.5
"Zapatillas De Montaña Merrell Moab Fst Leather Goretex Hombre Roca 41,5 Roca",Roca,"41,5"
Botas Chiruca Trofeo 01 GoreTex Pointer Hombre 41 Kaki,Kaki,41
Pies de gato La Sportiva Futura mujer Jade Green-White 34 Verde/Blanco,Verde/Blanco,34
Zapatillas Boreal AZTEC WOMEN'S 40 Gris,Gris,40
Zapatillas Salomon Outline GoreTex Hombre Blazer Azul Marino 41 1/3 Navy,Navy,41 1/3
Zapatillas La Sportiva Akyra GoreTex Hombre Neptuno Amapola 42 Azul/Rojo,Azul/Rojo,42
Chaqueta Mac In A Sac Mias Origin Rojo Lava L Lava,Lava,L
"Sandalias Teva Hurricane Xlt2 Hombre Bumerang Negro 45,5 Negro",Negro,"45,5"
Pantalones Cortos Trekking Regatta Geo Extol Shorts Hombre 52 Crema,Crema,52
Zapatillas Nike Flex Experience Rn 7 Hombre Recuerdo Azul 41 Azul,Azul,41
Botas De Montaña Millet High Route Gtx Hombre 41 1/3 Marron,Marron,41 1/3
BOTAS CHIRUCA DYNAMIC 05 GORE-TEX GRIS-ROJO 41 Gris/Rojo,Gris/Rojo,41
Pies de gato La Sportiva TaRENTula 41 Gris,Gris,41
Zapatillas Salomon X Ultra 3 Gtx Hombre Azul Azul 45 1/3 Azul/azul,Azul/Azul,45 1/3
Saucony Jazz Original Vintage Azul Mujer 38 Azul,Azul,38
Pies de gato La Sportiva Katana Yellow-Black 42 Amarillo/Negro,Amarillo/Negro,42
Zapatillas La Sportiva Ultra Raptor Hombre Negro Verde 43 Negro/Verde,Negro/Verde,43
Zapatillas Boreal SENDAI VENT GRAFITO 39.5 Gris/verde,Gris/verde,39.5
BOTAS CHIRUCA BERREA FORCE Hi Vis 18 GORE-TEX MARRON-NARANJA 43 Marron,Marron,43
Zapatillas New Balance Fresh Foam Cruz On Hombre Negro Imán 42 Negro,Negro,42
Pies de gato La Sportiva Finale Sulphur-Blue 37.5 Amarillo/Azul,Amarillo/Azul,37.5
BOTAS CHIRUCA ABORIGEN 03 GTX SURROUND MARINO-MARRON 40 Azul Marino,Azul Marino,40
GUANTE ALOIS TRANGO GRIS S Gris,Gris,S
Zapatillas Boreal FUTURA WS ROJO 37 Gris,Gris,37
BOTAS CHIRUCA SOMIEDO 05 GORE-TEX GRIS 37 Gris,Gris,37
Chaqueta de fibras The North Face Thermoball Hoodie Hombre Gris Oscuro S Gris Oscuro,Gris Oscuro,S
Zapatillas Running Nike Revolution 3 Hombre Azul Azul 43 Azul/azul,Azul/Azul,43
Zapatillas Boreal Flyers Vent Rojo 44 Rojo,Rojo,44
Zapatillas Nike Revolution 4 Eu Hombre Negro Rojo 44 Negro/rojo,Negro/Rojo,44
Pies de gato La Sportiva Katana Tangerine-Tropic Blue 37 Naranja/Azul,Naranja/Azul,37
"Zapatillas Saucony Jazz Trail Original Hombre Púrpura 44,5 Púrpura",Púrpura,"44,5"
Botas Boreal BAMBA MID GRIS 47 Gris,Gris,47
Zapatillas Nike Flex Contact 2 Hombre Antracita 41 Antracita,Antracita,41
Botas Montaña Merrell Moab Mid GoreTex Hombre Marron 42 Marron,Marron,42
Zapatillas trail running La Sportiva Akasha Hombre Negro 45 Negro/Amarillo,Negro/Amarillo,45
Zapatillas Chiruca Maracaibo 19 Morado 40 Morado,Morado,40
Pies de gato La Sportiva Finale mujer Grey-Coral 38.5 Gris/Coral,Gris/Coral,38.5
Calcetines Trail Running Compressport Pro Racing Socks V3.0 Verde 35 - 38 Verde,Verde,35 - 38
Chaqueta Trx2 800 Wm Pro Trango Negro-negro M Negro,Negro,M
Botas Boreal APACHE MARRON 42.5 Marron,Marron,42.5
Zapatillas Running Nike Revolution 3 Hombre Gris Rojo 42 Gris,Gris,42
Botas Boreal YUCATAN MARRON 40 Marron,Marron,40
Pies de gato La Sportiva Skwama Black-Yellow 46 Negro/Amarillo,Negro/Amarillo,46
Pies de gato La Sportiva Genius 45 Rojo/Amarillo,Rojo/Amarillo,45
Zapatillas Boreal FUTURA WS ROJO 37 Gris,Gris,37
Zapatillas New Balance Fresh Foam Cruz On Hombre Burdeos Negro 46.5 Burdeos,Burdeos,46.5
"Botas La Sportiva G5 Negro Amarillo 44,5 Negro/amarillo",Negro/Amarillo,"44,5"
Zapatillas Saucony Jazz Original Vintage Niños Navy 31 Navy,Navy,31
Botas Boreal SIANA MORADO 37.5 Morado,Morado,37.5
ZAPATILLAS CHIRUCA SENDERO 02 GORE-TEX MARRON 40 Marron,Marron,40
Pies de gato La Sportiva Otaki Blue-Flame 42.5 Azul/Naranja,Azul/Naranja,42.5
BOTAS CHIRUCA MASSANA 05 GORE-TEX ASFALTO-ROJO 35 Asfalto,Asfalto,35
BOTAS CHIRUCA MASSANA 05 GORE-TEX ASFALTO-ROJO 36 Asfalto,Asfalto,36
Zapatillas La Sportiva Lycan Mujer Morado 37 Morado,Morado,37
Zapatillas Boreal BAMBA ANTRACITA 45.5 Antracita,Antracita,45.5
Chaqueta Cortaviento Running Dare2b Blighted Windshell Mujer 38 Rosa Fuxia,Rosa fuxia,38
"Zapatillas La Sportiva Lycan Hombre Negro Azul 42,5 Negro/azul",Negro/Azul,"42,5"
Pies de gato La Sportiva Katana mujer White-Purple 41.5 Blanco/Morado,Blanco/Morado,41.5
Botas La Sportiva Trango Guide Evo Gtx Azul 42 Azul/rojo,Azul/Rojo,42
Zapatillas Salomon Sense Ride 2 Hombre Ilusión Azul 45 1/3 Azul,Azul,45 1/3
"Zapatillas Nike Revolution 4 Eu Mujer Tormenta 38,5 Azul",Azul,"38,5"
Botas Salomon Quest 4d 3 Gtx Hombre Marron 43 1/3 Marron,Marron,43 1/3
Zapatillas Trail Running La Sportiva Akyra Mujer Azul Naranja 37 Azul/naranja,Azul/Naranja,37
Pantalones Ternua Natib Hombre Plata Profunda L Plata,Plata,L
Camiseta Running Salomon Agile Ss Hombre Negro Liso M Negro Liso,Negro liso,M
BOTAS CHIRUCA CLETA 02 MARRON 43 Marron,Marron,43
Zapatillas Columbia Canyon Point Waterproof Hombre Marron 41 Marron,Marron,41
Pies de gato La Sportiva Solution mujer White-Lily Orange 40.5 Blanco/Naranja,Blanco/Naranja,40.5
Zapatillas La Sportiva Unika Hombre Carbón Azul 45 Gris/azul,Gris/Azul,45
Zapatillas New Balance WL574 Mujer Coral 40 Coral,Coral,40
Zapatillas La Sportiva Ultra Raptor Hombre Negro Verde 46 Negro/Verde,Negro/Verde,46
Chaqueta Awel Ft Trango Naranja M Naranja,Naranja,M
Zapatillas Boreal BAMBA W'S OLIVA 40 verde oliva,verde oliva,40
Botas Boreal BAMBA MID WS GRIS 39.5 Gris,Gris,39.5
Zapatillas Salomon Xa Pro 3d Goretex Hombre Negro 48 Negro,Negro,48
Camiseta Ternua Kailey Mujer Morado S Morado,Morado,S
Zapatillas La Sportiva Akasha Hombre Negro Naranja 41 Negro/Naranja,Negro/Naranja,41
Zapatillas Salomon X Ultra 3 Gtx Mujer Tawny 37 1/3 Rojo,Rojo,37 1/3
Botas Boreal Karok Women's 40 Gris,Gris,40
Zapatillas Boreal AZTEC ANTRACITA 39.5 Antracita,Antracita,39.5
Zapatillas De Trekking Salomon Effect Gtx Hombre 44 Verde,Verde,44
Botas La Sportiva G2 Sm Negro Amarillo 44 Negro/amarillo,Negro/Amarillo,44
Zapatillas Hi-Tec Quadra Classic Wp Hombre Tupe 46 Taupe,Taupe,46
Zapatillas La Sportiva Ultra Raptor Goretex Mujer Esmeralda Menta 38 Azul,Azul,38
Pies de gato La Sportiva Katana Tangerine-Tropic Blue 41.5 Naranja/Azul,Naranja/Azul,41.5
Pantalones Trekking Izas Escort Hombre Caqui M Kaki,Kaki,M
Zapatillas Saucony Jazz Original Vintage Niños Burdeos 35 Burdeos,Burdeos,35
Botas Chiruca Constanza 03 Gore-tex Negro 36 Negro,Negro,36
Zapatillas De Trekking Salomon X Ultra 3 Hombre Negro 42 Negro,Negro,42
Botas Salomon X Ultra 3 Mid GTX Mujer Gris 37 1/3 Gris,Gris,37 1/3
Botas Chiruca Aragon 08 Goretex Hombre 44 Gris,Gris,44
ZAPATILLAS LA SPORTIVA MUTANT MUJER ÓPALO AGUA 42 Agua,Agua,42
Pant. Largo Slaggard Trango Negro-celeste L Negro/azul,Negro/Azul,L
Zapatillas Saucony Jazz Original Vintage Hombre Negro Negro 39 Negro,Negro,39
ATTIPAS - Attipas calzado los primeros pasos zoo azul 20 AZUL,AZUL,20
Botas Boreal MAZAMA GRIS 46 Gris,Gris,46
Botas Boreal ORDESA WOMEN'S GRIS 38 Gris,Gris,38
Zapatillas Boreal GLOVE W'S GRIS 37.5 Gris,Gris,37.5
Zapatillas Boreal Tempest Low Azul 43 1/4 Azul,Azul,43 1/4
"Zapatillas Boreal Chameleon Azul 45,5 Azul",Azul,"45,5"
Botas Boreal KAROK GRIS 40 Gris,Gris,40
Botas Chiruca Dallas 05 Gore-tex Negro 43 Negro,Negro,43
"Zapatillas Nike Md Runner 2 Gs Pistola De Humo 36,5 Gris",Gris,"36,5"
"ATTIPAS - Attipas los primeros pasos puzzle azul 21,5 AZUL",AZUL,"21,5"
Zapatillas La Sportiva Akasha Hombre Ópalo Chile 41 Azul/rojo,Azul/Rojo,41
"ATTIPAS - Zapatos primeros pasos attipas tie 21,5 GRIS",GRIS,"21,5"
Zapatillas Salomon X Ultra 3 Goretex Hombre Cuerda Elástica 45 1/3 Marron,Marron,45 1/3
Pies de gato La Sportiva Katana Tangerine-Tropic Blue 39.5 Naranja/Azul,Naranja/Azul,39.5
Pies de gato La Sportiva Solution mujer White-Lily Orange 37.5 Blanco/Naranja,Blanco/Naranja,37.5
Pies de gato La Sportiva Finale mujer Grey-Coral 38 Gris/Coral,Gris/Coral,38
Botas Boreal BAMBA MID MARINO 40 Azul Marino,Azul Marino,40
Pies de gato La Sportiva Kataki mujer Mint-Coral 35.5 Menta,Menta,35.5
Botas Boreal KOVACH FULL GRAIN 42 Marron,Marron,42
Botas Merrell Accentor Sport Mid Goretex Mujer Negro Acuífero 39 Negro/azul,Negro/Azul,39
Zapatillas Boreal BAMBA W'S OLIVA 40 verde oliva,verde oliva,40
Zapatillas Saucony Jazz Original Vintage Azul Marino Hombre 44.5 Azul Marino,Azul Marino,44.5
Botas Salomon X Ultra 3 Mid Gtx Hombre Sargasso 46 2/3 Azul,Azul,46 2/3
Zapatillas La Sportiva Akyra Hombre Gris Azul 42.5 Gris/Azul,Gris/Azul,42.5
Pantalones Trangoworld Dobu Fi Hombre Negro M Negro,Negro,M
Pies de gato La Sportiva Futura mujer Jade Green-White 33 Verde/Blanco,Verde/Blanco,33
Zapatillas Salomon X Ultra 3 Gtx Hombre Negro Verde 46 2/3 Negro/verde,Negro/Verde,46 2/3
Zapatillas Boreal GLOVE W'S MALVA 37 Morado,Morado,37
Zapatillas Saucony Excursion Tr12 Mujer Morado 38 Morado,Morado,38
Botas Boreal BULNES 42 Marron,Marron,42
Pies de gato La Sportiva Miura mujer White-Jade Green 40.5 Blanco/Verde,Blanco/Verde,40.5
Pies de gato La Sportiva Finale mujer Grey-Coral 38.5 Gris/Coral,Gris/Coral,38.5
Saucony Jazz Original Vintage Mujer Verde 37 Verde,Verde,37
Sandalias De Descanso Salomon Rx Break Mujer Turquesa 40 2/3 Turquesa,Turquesa,40 2/3
Botas Boreal MAZAMA GRIS 44 Gris,Gris,44
Zapatillas Boreal FUTURA WS GRIS 41.5 Gris,Gris,41.5
"Zapatillas La Sportiva Unika Hombre Negro 41,5 Negro",Negro,"41,5"
ZAPATILLAS LA SPORTIVA AKYRA GORETEX HOMBRE CARBÓN VERDE MANZANA 43.5 Carbon,Carbon,43.5
BOTAS CHIRUCA BOXER Boa 12 GORE-TEX MARRON 39 Marron,Marron,39
Sudadera Trangoworld Moneva Hombre Verde S Verde,Verde,S
Pies de gato La Sportiva TaRENTula 41 Gris,Gris,41
Zapatillas Boreal AZTEC ANTRACITA 39.5 Antracita,Antracita,39.5
Chaqueta Haglöfs Heron Hombre Pizarra S Pizarra,Pizarra,S
Botas Chiruca Mulhacen 52 Gore-tex Marron-negro 37 Marron,Marron,37
Pies de gato La Sportiva Tarantula mujer Turquoise 36 Turquesa,Turquesa,36
Pant. Largo Trx2 Pes Stretch Pro Trango Azul 2xl Azul,Azul,2XL
Pantalones Ternua Kacper Hombre Gris S Gris,Gris,S
ZAPATILLAS LA SPORTIVA MUTANT MUJER ÓPALO AGUA 36 Agua,Agua,36
Botas Salomon X Ultra 3 Mid GTX Mujer Azul Lima 38 2/3 Azul/Verde,Azul/Verde,38 2/3
ZAPATILLAS LA SPORTIVA MUTANT MUJER ÓPALO AGUA 40 Agua,Agua,40
Zapatillas trekking Salewa MS Firetail 3 GTX Hombre Negro Verde 45 Negro/Verde,Negro/Verde,45
Zapatillas Salomon Xa Pro 3d J Niños Cerise 36 Cereza,Cereza,36
Zapatillas Boreal Bamba W's verde 42 verde,verde,42
Zapatillas Boreal BAMBA W'S GRANATE 41.5 Granate,Granate,41.5
Zapatillas New Balance Kd373 Marron 38 Marron,Marron,38
Botas La Sportiva Trango Trk Leather Mujer Gtx Carbon-garnet 40 Carbon,Carbon,40
Pies de gato La Sportiva Tarantula mujer Coral 41 Coral,Coral,41
Zapatillas Náuticas Salomon Cove Light Mujer 40 Gris,Gris,40
Botas Chiruca Massana 07 Gore-tex Burdeos 38 Burdeos,Burdeos,38
"Sandalias Teva Hurricane Xlt2 Hombre Bumerang Negro 45,5 Negro",Negro,"45,5"
CAMISETA INTERIOR TRX2 WOOL WM PRO TRANGO GRIS CLARO-GRIS OSCURO XS Gris,Gris,XS
Zapatillas La Sportiva Akasha Hombre Negro Naranja 41 Negro/Naranja,Negro/Naranja,41
Chaqueta La Sportiva Promo Fleece Mujer Negro L Negro/Amarillo,Negro/Amarillo,L
ATTIPAS - Attipas los primeros pasos puzzle gris 20 GRIS,GRIS,20
Zapatillas Merrell Moab 2 GoreTex Hombre Navy 41 Navy,Navy,41
Zapatillas Boreal SENDAI WS GRIS 41.5 Gris,Gris,41.5
Botas La Sportiva Trango Guide Evo Gtx Azul 42 Azul/rojo,Azul/Rojo,42
ATTIPAS - Zapatos attipas primeros pasos cutie blanco 20 BLANCO,BLANCO,20
Zapatillas Saucony Excursion TR12 Mujer Azul Negro 37.5 Azul/Negro,Azul/Negro,37.5
"Zapatillas La Sportiva Helios 2.0 Hombre Carbón Azul Trópico 44,5 Carbon",Azul/Carbon,"44,5"
Botas Boreal KOVACH GRIS 44 Gris,Gris,44
Pies de gato La Sportiva Otaki Blue-Flame 43.5 Azul/Naranja,Azul/Naranja,43.5
Botas Boreal KOVACH GRIS 44 Gris,Gris,44
Botas La Sportiva Trango Trk Gtx Amarillo Negro 42.5 Amarillo/Negro,Amarillo/Negro,42.5
"Zapatillas trekking Salewa MS Firetail 3 GTX Hombre Negro Verde 44,5 Negro/Verde",Negro/Verde,"44,5"
Botas Chiruca Troll 01 Goretex Niños Gris Verde 32 Gris/verde,Gris/Verde,32
Zapatillas Boreal Drom Gris 44 Gris,Gris,44
Sandalias De Descanso Salomon Rx Break Mujer Turquesa 40 2/3 Turquesa,Turquesa,40 2/3
Zapatillas Saucony Jazz Trail Original Hombre Púrpura 44 Púrpura,Púrpura,44
Zapatillas trail running La Sportiva Akyra Mujer Azul Naranja 38 Azul/Naranja,Azul/Naranja,38
Zapatillas La Sportiva Akasha Hombre Ópalo Chile 41 Azul/rojo,Azul/Rojo,41
Chaqueta Mac In A Sac Mias Origin Kaki L Kaki,Kaki,L
Camiseta Termica Hg Sport 8010 Hombre XL Blanco,Blanco,XL
Pies de gato La Sportiva Futura Blue-Yellow 41.5 Azul/Amarillo,Azul/Amarillo,41.5
Sandalias Chiruca Malibu 05 Mujer Gris Morado 41 Gris,Gris,41
Zapatillas Boreal BAMBA OLIVA 40 Verde oliva,Verde oliva,40
Zapatillas La Sportiva Akasha Mujer Gris Papaya 37 Gris/Papaya,Gris/Papaya,37
ZAPATILLAS LA SPORTIVA KAPTIVA HOMBRE ÓPALO CHILE 42 Azul/Rojo,Azul/Rojo,42
Botas Montaña Millet Ld High Route Mesh Mujer 40 Gris,Gris,40
Zapatillas Nike Revolution 4 Eu Mujer Tormenta 42 Azul,Azul,42
Pantalones Breezy Tryn Hombre Negro Gris 2xl Negro/gris,Negro/Gris,2XL
Botas La Sportiva Trango Trk Leather GTX Gris Verde 40 Carbon,Carbon,40
Pies de gato La Sportiva Otaki Blue-Flame 44.5 Azul/Naranja,Azul/Naranja,44.5
Chaqueta Soft Shell Trekking Izas Copper Hombre Gris XS Gris,Gris,XS
Botas Hi-Tec Garcia Sport Wp Hombre Gris 41 Gris,Gris,41
Pies de gato La Sportiva Otaki Blue-Flame 43.5 Azul/Naranja,Azul/Naranja,43.5
Chaqueta Trx2 Stretch Pro Trango Azul-azul Oscuro 3xl Azul,Azul,3XL
Pies de gato La Sportiva Miura mujer White-Jade Green 35.5 Blanco/Verde,Blanco/Verde,35.5
Zapatillas Saucony Excursion Tr12 Hombre Negro Azul 46 Negro/azul,Negro/Azul,46
"ATTIPAS - Calzado los primeros pasos urban attipas 22,5 AMARILLO",AMARILLO,"22,5"
Zapatillas Trail Running Salomon Wings Pro 2 Hombre Azul Verde 46 Azul/verde,Azul/Verde,46
Botas La Sportiva Trango Tech Gtx Negro-Amarillo 41 Negro/Amarillo,Negro/Amarillo,41
Botas Hi-Tec Ravus Adventure Mid WP Hombre Chocolate 46 Chocolate,Chocolate,46
Botas Boreal Tempest Mid Grafito 43 1/4 Gris/verde,Gris/Verde,43 1/4
Pies de gato La Sportiva Cobra Slate 39.5 Gris,Gris,39.5
Pies de gato La Sportiva Katana Yellow-Black 37 Amarillo/Negro,Amarillo/Negro,37
"Zapatillas La Sportiva Kaptiva Goretex Mujer Negro Orquídea 38,5 Negro/fuxia",Negro/Fuxia,"38,5"
Zapatillas Boreal DROM GRIS 40 2/3 Gris,Gris,40 2/3
"Zapatillas La Sportiva Akasha Hombre Negro Naranja 41,5 Negro/naranja",Negro/Naranja,"41,5"
Botas Boreal BAMBA MID GRIS 47 Gris,Gris,47
BOTAS CHIRUCA MASSANA 05 GORE-TEX ASFALTO-ROJO 40 Asfalto,Asfalto,40
Botas Hi-tec Bandera Lite Wp Hombre Chocolate 46 Chocolate,Chocolate,46
BOTAS CHIRUCA MONIQUE 09 GORE-TEX GRIS-ROJO 37 Gris/Rojo,Gris/Rojo,37
Zapatillas Hi-tec Gregal Low Wp Hombre Marron 46 Marron,Marron,46
Botas Boreal ATLAS MARINO 39.5 Azul Marino,Azul Marino,39.5
Zapatillas New Balance Gc574 Resina Desvanecida Negro 39 Kaki,Kaki,39
BOTAS CHIRUCA GREDOS SUPRA 05 GORE-TEX GRIS 37 Gris,Gris,37
Zapatillas Boreal DROM W'S MORADO 41.5 Morado,Morado,41.5
Pies de gato La Sportiva Futura Blue-Yellow 36.5 Azul/Amarillo,Azul/Amarillo,36.5
Zapatillas Trekking Millet Trident Gtx Hombre 42 Negro,Negro,42
Zapatillas De Trekking Salomon X Ultra 3 Hombre Azul Poseidon 45 1/3 Azul,Azul,45 1/3
Zapatillas Salomon Ultra Pro Hombre Clima Tormentoso 43 1/3 Gris/Naranja,Gris/Naranja,43 1/3
Pies de gato La Sportiva Futura Blue-Yellow 40.5 Azul/Amarillo,Azul/Amarillo,40.5
Sandalias Hi-Tec Santorini Strap Mujer Taupe 37 Taupe,Taupe,37
Zapatillas Columbia Peakfreak Venture LT Hombre Cordobés 43.5 Chocolate,Chocolate,43.5
Botas Campagnolo Rigel Mid Wp Hombre Azul Verde 44 Verde/azul,Verde/Azul,44
Pies de gato La Sportiva Solution mujer White-Lily Orange 37 Blanco/Naranja,Blanco/Naranja,37
Botas Chiruca Trofeo 01 GoreTex Pointer Hombre 44 Kaki,Kaki,44
Zapatillas La Sportiva Tx4 Hombre Naranja 41 Naranja,Naranja,41
Zapatillas trekking SALEWA Ms Wildfire Vent Hombre Marron 43 Marron,Marron,43
Botas Boreal HURRICANE ANTRACITA 40 Antracita,Antracita,40
Sudadera Trangoworld Moneva Hombre Verde S Verde,Verde,S
Zapatillas Boreal GLOVE W'S MALVA 37 Morado,Morado,37
Botas Hi-Tec Garcia Sport Wp Hombre Chocolate 41 Chocolate,Chocolate,41
BOTAS CHIRUCA GREDOS SUPRA 05 GORE-TEX GRIS 40 Gris,Gris,40
Botas Chiruca Patagonia 12 Hombre Marron 41 Marron,Marron,41
Zapatillas La Sportiva Akasha Hombre Ópalo Chile 41 Azul/rojo,Azul/Rojo,41
Botas La Sportiva Trango Trk Mujer Gtx Azul 38 Azul,Azul,38
BOTAS CHIRUCA URALES 12 GORE-TEX MARRON 40 Marron,Marron,40
Botas Boreal Karok Women's 40 Gris,Gris,40
Zapatillas Merrell Outmost Vent GoreTex Hombre Granite 42 Gris,Gris,42
Botas Chiruca Xacobeo 27 GoreTex Hombre Marron 43 Marron,Marron,43
Zapatillas Hi-Tec Forza Low WP Niños 38 Gris/Amarillo,Gris/Amarillo,38
"ATTIPAS - Zapatos attipas primeros pasos cutie blanco 21,5 BLANCO",BLANCO,"21,5"
BOTAS CHIRUCA BERREA FORCE Hi Vis 18 GORE-TEX MARRON-NARANJA 40 Marron,Marron,40
Zapatillas Nike Revolution 4 Eu Hombre Rojo 42 Rojo,Rojo,42
Zapatillas Boreal BAMBA OLIVA 40 Verde oliva,Verde oliva,40
Zapatillas Salomon Sense Ride 2 Hombre Ilusión Azul 44 Azul,Azul,44
Botas De Montaña Salomon X Alp Mid Ltr Gtx Hombre Azul 44 Azul,Azul,44
Pies de gato La Sportiva Kataki mujer Mint-Coral 35.5 Menta,Menta,35.5
Mallas De Compresión Sontress 1414 Mujer M Negro,Negro,M
BOTAS CHIRUCA GREDOS SUPRA 05 GORE-TEX GRIS 39 Gris,Gris,39
Zapatillas De Montaña Hi-tec Bandera Lite Low Wp Hombre Gris 46 Gris,Gris,46
Botas Chiruca Cares Boa Hi Vis 08 GoreTex Hombre 41 Marron,Marron,41
Chaqueta Cortaviento Running Dare2b Blighted Windshell Mujer 38 Rosa Fuxia,Rosa fuxia,38
Camiseta Termica Hg Original 8030 Hombre Rojo M Rojo/negro,Rojo/Negro,M
Zapatillas Salomon X Ultra 3 Gtx Hombre Azul Azul 44 Azul/azul,Azul/Azul,44
Mochila The North Face Base Camp Duffel M Naranja M Naranja,Naranja,M
Zapatillas De Trekking Millet Trident Hombre 42 2/3 Gris/rojo,Gris/Rojo,42 2/3
Zapatillas La Sportiva Akasha Hombre Gris Azul 41.5 Gris/Azul,Gris/Azul,41.5
Camiseta Running Salomon S-lab Sense Tank Mujer M Rosa,Rosa,M
Botas Chiruca Trofeo 01 GoreTex Pointer Hombre 41 Kaki,Kaki,41
Pies de gato La Sportiva Finale mujer Grey-Coral 35 Gris/Coral,Gris/Coral,35
Zapatillas New Balance AM210 Hombre Blanquecino 46.5 Beig,Beig,46.5
Camiseta trail running Salomon Agile Warm HZ Mid Hombre Lima M Lima,Lima,M
Zapatillas Salomon Sense Ride 2 Hombre Ilusión Azul 44 2/3 Azul,Azul,44 2/3
CAMISETA INTERIOR TRX2 WOOL WM PRO TRANGO GRIS CLARO-GRIS OSCURO XXL Gris,Gris,XXL
Sandalias Chiruca Cartagena 11 Mujer Azul Turquesa 40 Turquesa,Turquesa,40
Botas Chiruca Mars Boa 05 Goretex Niños Gris Rojo 35 Gris/rojo,Gris/Rojo,35
Zapatillas Salomon Outline GoreTex Hombre Blazer Azul Marino 41 1/3 Navy,Navy,41 1/3
Zapatillas Boreal Sendai Gris 44 Gris,Gris,44
Chaqueta Campagnolo Fix Hood 3Z23677 Hombre Kaki 48 Kaki,Kaki,48
"Zapatillas La Sportiva Kaptiva Goretex Mujer Negro Orquídea 38,5 Negro/fuxia",Negro/Fuxia,"38,5"
Botas Chiruca Trofeo 01 GoreTex Pointer Hombre 45 Kaki,Kaki,45
Pies de gato La Sportiva Solution White-Yellow 37 Blanco/Amarillo,Blanco/Amarillo,37
Zapatillas Nike Flex Contact 2 Hombre Antracita 43 Antracita,Antracita,43
Botas Salewa Ws Mtn Trainer Mid Gtx Mujer Marron 38 Marron,Marron,38
Zapatillas Boreal GLOVE OLIVA 44 verde oliva,verde oliva,44
Pies de gato La Sportiva Finale VS mujer Grey-Coral 39 Gris/Coral,Gris/Coral,39
Botas Boreal ASPEN 29 Gris/Rojo,Gris/Rojo,29
"Zapatillas La Sportiva Pyramid Mujer Gtx Marrón 39,5 Marron",Marron,"39,5"
Botas Boreal Kerala Gris 40 3/4 Gris,Gris,40 3/4
Zapatillas Salomon X Ultra 3 Gtx Mujer Artic 40 2/3 Verde,Verde,40 2/3
Zapatillas Nike Revolution 4 Gs Azul 36 Azul,Azul,36
Chaqueta Salomon Fast Wing III jacket Mujer XL Morado,Morado,XL
Zapatillas Boreal Flyers Vent Rojo 44 Rojo,Rojo,44
Botas La Sportiva Trango Trk Gtx Amarillo Negro 46 Amarillo/Negro,Amarillo/Negro,46
"Zapatillas Boreal Flyers Vent Rojo 42,5 Rojo",Rojo,"42,5"
Botas Salewa MS Mtn Trainer Mid GoreTex Hombre Gris Rojo 42.5 Gris/Rojo,Gris/Rojo,42.5
Zapatillas Salomon Xa Pro 3d Hombre Cherry 43 1/3 Rojo,Rojo,43 1/3
Zapatillas Nike Downshifter 8 Hombre Gris Negro 43 Gris/negro,Gris/Negro,43
Pies de gato La Sportiva Finale mujer Grey-Coral 38.5 Gris/Coral,Gris/Coral,38.5
Calcetines Compressport Training Pack De 2 Azul 42 - 44 Azul,Azul,42 - 44
CAMISETA INTERIOR TRX2 WOOL WM PRO TRANGO GRIS CLARO-GRIS OSCURO XXL Gris,Gris,XXL
Botas Boreal DROM MID GRAFITO 39.5 Gris/Verde,Gris/Verde,39.5
Botas de Montaña Merrell Moab Fst Ice+ Thermo Hombre 41 Verde oliva,Verde oliva,41
Pies de gato La Sportiva Finale mujer Grey-Coral 33.5 Gris/Coral,Gris/Coral,33.5
Botas Boreal TEMPEST MID GRAFITO 39.5 Gris/Verde,Gris/Verde,39.5
Pies de gato La Sportiva TC Pro 44 Crema,Crema,44
Saucony Jazz Original Vintage Hombre Mostaza 46 Mostaza,Mostaza,46
Sandalias Hi-tec Delos Mujer Marron 40 Marron,Marron,40
Pies de gato La Sportiva Mythos Lady 35.5 Blanco,Blanco,35.5
Botas Boreal DESERT 42 Marron,Marron,42
"ATTIPAS - Attipas calzado los primeros pasos polka gris 21,5 GRIS",GRIS,"21,5"
Botas La Sportiva Trango Trk Gtx Amarillo Negro 45 Amarillo/negro,Amarillo/Negro,45
Zapatillas Trekking Millet Trident Gtx Hombre 42 Negro,Negro,42
Pantalones Ternua Kacper Hombre Gris S Gris,Gris,S
Pantalones Cortos Senderismo +8000 Tremaya Mujer Negro Fuxia M Negro/fuxia,Negro/Fuxia,M
"Zapatillas Trail Running La Sportiva Akasha Mujer Gris Papaya 38,5 Gris/papaya",Gris/Papaya,"38,5"
Pies de gato La Sportiva Mythos Lady 41.5 Blanco,Blanco,41.5
BOTAS CHIRUCA BOXER Boa 12 GORE-TEX MARRON 42 Marron,Marron,42
Pies de gato La Sportiva Finale Sulphur-Blue 38 Amarillo/Azul,Amarillo/Azul,38
Zapatillas Boreal TEMPEST LOW GRAFITO 44 Gris Oscuro,Gris Oscuro,44
Zapatillas New Balance Fuelcore Nergize Mujer Rosa Palo 40 Rosa Palo,Rosa Palo,40
"ATTIPAS - Attipas calzado los primeros pasos sneakers gris 22,5 GRIS",GRIS,"22,5"
Zapatillas Salomon Xa Pro 3d Gtx Mujer Negro Violeta 38 2/3 Negro/rosa,Negro/Rosa,38 2/3
Botas De Montaña Salomon X Ultra 3 Mid Gtx Hombre Rojo 44 2/3 Rojo,Rojo,44 2/3
Pantalones Trangoworld Limut Dn Hombre Negro L Negro,Negro,L
Zapatillas De Trekking Salomon X Ultra 3 Hombre Negro 41 1/3 Negro,Negro,41 1/3
Zapatillas New Balance Fuel Core Coast Mujer Rosa 39 Rosa,Rosa,39
Zapatillas La Sportiva Akasha Mujer Azul Marino Púrpura 36 Azul/morado,Azul/Morado,36
"Zapatillas Saucony Xodus Iso 2 Mujer Violeta 38,5 Violeta",Violeta,"38,5"
Zapatillas Nike Revolution 4 Eu Hombre Rojo 44 Rojo,Rojo,44
Zapatillas Columbia Ruckel Ridge Plus Hombre Negro 44 Negro,Negro,44
Sombrero Ternua Kliluk Taupe L/XL Taupe,Taupe,L/XL
Botas Chiruca Massana 07 Gore-tex Burdeos 40 Burdeos,Burdeos,40
Pies de gato La Sportiva Miura Lime 44.5 Lima,Lima,44.5
Pies de gato La Sportiva Katana Tangerine-Tropic Blue 43 Naranja/Azul,Naranja/Azul,43
"Zapatillas Saucony Xodus Iso 3 Mujer Arándano 38,5 Rosa",Rosa,"38,5"
Zapatillas Saucony Jazz Original Vintage Mujer Gris Negro 40 Gris/negro,Gris/Negro,40
Pies de gato La Sportiva Solution White-Yellow 40.5 Blanco/Amarillo,Blanco/Amarillo,40.5
Zapatillas Nike Downshifter 8 Mujer Lobo Gris 40 Gris,Gris,40
BOTAS CHIRUCA ABORIGEN 03 GTX SURROUND MARINO-MARRON 40 Azul Marino,Azul Marino,40
BOTAS CHIRUCA SPANIEL 12 GORE-TEX MARRON 42 Marron,Marron,42
Zapatillas Salomon X Radiant Goretex Hombre Beluga 44 Gris Oscuro,Gris Oscuro,44
Zapatillas Columbia Ivo Trail Hombre Negro Vapor 44 Negro,Negro,44
BOTAS CHIRUCA MASSANA 05 GORE-TEX ASFALTO-ROJO 36 Asfalto,Asfalto,36
BOTAS CHIRUCA ETRUSCA 02 GORE-TEX MARRON 43 Marron,Marron,43
BOTAS CHIRUCA BERREA FORCE Hi Vis 18 GORE-TEX MARRON-NARANJA 43 Marron,Marron,43
"Zapatillas La Sportiva Akyra Hombre Amarillo 45,5 Amarillo",Amarillo,"45,5"
BOTAS CHIRUCA TROLL 06 GORE-TEX LILA 38 Lila,Lila,38
Botas La Sportiva Trango Trk Gtx Amarillo Negro 41 Amarillo/Negro,Amarillo/Negro,41
"Botas Boreal Maipo 44,5 Gris",Gris,"44,5"
Zapatillas Saucony Jazz Original Vintage Hombre Azul 39 Azul,Azul,39
Pies de gato La Sportiva Cobra Slate 39.5 Gris,Gris,39.5
Zapatillas Boreal Sendai Vent Grafito 44 Gris/verde,Gris/verde,44
ZAPATILLAS LA SPORTIVA MUTANT MUJER ÓPALO AGUA 39 Agua,Agua,39
Zapatillas La Sportiva Akyra GoreTex Hombre Neptuno Amapola 41 Azul/Rojo,Azul/Rojo,41
Pies de gato La Sportiva Otaki Blue-Flame 40.5 Azul/Naranja,Azul/Naranja,40.5
"Zapatillas Boreal Flyers Vent Rojo 42,5 Rojo",Rojo,"42,5"
Botas Chiruca Monique 07 Goretex Mujer Burdeos 37 Burdeos,Burdeos,37
Zapatillas New Balance Kd373 Marron 30 Marron,Marron,30
Botas Boreal Tempest Mid Grafito 43 1/4 Gris/verde,Gris/Verde,43 1/4
Chaqueta Mac In A Sac Mias Ultra Negro Naranja L Negro/Naranja,Negro/Naranja,L
"Zapatillas La Sportiva Lycan Hombre Negro Naranja 41,5 Negro/naranja",Negro/Naranja,"41,5"
Chaqueta Polar Campagnolo 38p1536 Mujer Rock 38 Roca,Roca,38
Zapatillas Columbia Canyon Point Hombre Negro 46 Negro,Negro,46
"Botas Boreal Mazama Marron 41,5 Marron",Marron,"41,5"
Zapatillas Boreal Alligator 46 Burdeos,Burdeos,46
Chaqueta Columbia Mission Air Interchange Hombre Verde Oliva S Verde Oliva,Verde oliva,S
Saucony Jazz Original Vintage Hombre Mostaza 44 Mostaza,Mostaza,44
"Zapatillas Boreal Sendai Vent Grafito 44,5 Gris/verde",Gris/verde,"44,5"
Pies de gato La Sportiva Katana Tangerine-Tropic Blue 38 Naranja/Azul,Naranja/Azul,38
Zapatillas Boreal Bamba Amarillo 44 Amarillo,Amarillo,44
Botas Boreal MALI GRIS 37 Gris,Gris,37
BOTAS CHIRUCA DALLAS 12 GORE-TEX MARRON 40 Marron,Marron,40
Zapatillas Saucony DXN Trainer Vintage Mujer Burdeos 41 Burdeos,Burdeos,41
Zapatillas Boreal SENDAI VENT GRAFITO 40 3/4 Gris/verde,Gris/verde,40 3/4
Zapatillas La Sportiva Ultra Raptor Hombre Negro Verde 43 Negro/Verde,Negro/Verde,43
BOTAS CHIRUCA CLETA 02 MARRON 39 Marron,Marron,39
"Zapatillas New Balance U410 Hombre Burdeos 47,5 Burdeos",Burdeos,"47,5"
Mallas Sontress 1621 Mujer Negro M Negro,Negro,M
Pies de gato La Sportiva Miura mujer White-Jade Green 38 Blanco/Verde,Blanco/Verde,38
Botas Boreal Maipo 42 Gris,Gris,42
Botas La Sportiva Trango Trk Mujer Gtx Azul 40 Azul,Azul,40
Sudadera Trekking Trangoworld Atran Hombre Azul 2xl Azul Mar,Azul mar,2XL
Zapatillas Salomon Xa Elevate Hombre Rojo 44 Rojo,Rojo,44
ATTIPAS - Attipas calzado los primeros pasos polka rosa 20 ROSA,ROSA,20
BOTAS CHIRUCA GREDOS SUPRA 05 GORE-TEX GRIS 41 Gris,Gris,41
BOTAS CHIRUCA TROLL 03 GORE-TEX AZUL MARINO 32 Azul Marino,Azul Marino,32
Botas Chiruca Monique 07 Goretex Mujer Burdeos 38 Burdeos,Burdeos,38
Bermuda Ternua Kross Hombre Borgoña Ártico Oscuro S Burdeos,Burdeos,S
"Zapatillas La Sportiva Lycan Hombre Negro Naranja 41,5 Negro/naranja",Negro/Naranja,"41,5"
BOTAS CHIRUCA MULHACEN 19 GORETEX HOMBRE GRIS ROJO 43 Gris/Rojo,Gris/Rojo,43
Botas Boreal ASPEN 32 Gris/Rojo,Gris/Rojo,32
ZAPATILLAS LA SPORTIVA ULTRA RAPTOR HOMBRE NEGRO AMARILLO 41 Negro/Amarillo,Negro/Amarillo,41
"Botas Boreal Klamath Wmn's Verde 41,5 Verde",Verde,"41,5"
"Zapatillas La Sportiva Akasha Hombre Negro Naranja 45,5 Negro/Naranja",Negro/Naranja,"45,5"
Botas de Montaña Merrell Moab Fst Ice+ Thermo Hombre 45 Verde oliva,Verde oliva,45
Botas Boreal TEMPEST MID GRAFITO 42.5 Gris/Verde,Gris/Verde,42.5
Botas La Sportiva Trango Tech Gtx Negro-Amarillo 41 Negro/Amarillo,Negro/Amarillo,41
Sudadera +8000 Almaden J 044 Niños Azul 8 Azul,Azul,8
Chaqueta trail running Salomon Lightning Wp Mujer Remolacha S Remolacha,Remolacha,S
Chaqueta De Punto Campagnolo 38h2237 Hombre Cyano 50 Azul,Azul,50
Botas La Sportiva Olympus Mons Evo Negro Amarillo 46 Negro/amarillo,Negro/Amarillo,46
Botas Boreal TEMPEST MID GRAFITO 40 Gris/Verde,Gris/Verde,40
Zapatillas Salomon Ultra Pro Mujer Azulejo Azul 40 Azul,Azul,40
Pies de gato La Sportiva Skwama Black-Yellow 39.5 Negro/Amarillo,Negro/Amarillo,39.5
BOTAS CHIRUCA PANTICOSA 06 GORE-TEX GRIS 38 Gris,Gris,38
Botas Columbia Redmond V2 Mid Wp Hombre Grafito Jaspe Rojo 42 Gris/Rojo,Gris/Rojo,42
Botas Boreal KOVACH GRIS 42.5 Gris,Gris,42.5
Zapatillas Salomon X Ultra 3 Gtx Mujer Tawny 41 1/3 Rojo,Rojo,41 1/3
GUANTE ALOIS TRANGO GRIS XS Gris,Gris,XS
"Botas Boreal Apache Marron 45,5 Marron",Marron,"45,5"
Sandaliasd Hi-tec Terreno Strap Hombre Chocolate Taupe Oscuro 45 Chocolate,Chocolate,45
Zapatillas Nike Downshifter 8 Hombre Navy 43 Navy,Navy,43
ZAPATILLAS CHIRUCA TASMANIA 10 GORE-TEX GRIS 40 Gris,Gris,40
Botas Boreal KLAMATH WMN'S LILA 38 3/4 Lila,Lila,38 3/4
Pies de gato La Sportiva Solution White-Yellow 43.5 Blanco/Amarillo,Blanco/Amarillo,43.5
Chaqueta Ternua Long Island Hombre Ballenas Grises S Gris,Gris,S
Botas Boreal MALI 40 Morado,Morado,40
Botas Chiruca Monique 07 Goretex Mujer Burdeos 37 Burdeos,Burdeos,37
Pies de gato La Sportiva Mythos Terra 48 Tierra Oscura,Tierra Oscura,48
Sudadera Trangoworld Simme Mujer Negro Azul L Negro/azul,Negro/Azul,L
BOTAS CHIRUCA CARES 52 GORE-TEX MARRON 39 Marron,Marron,39
Zapatillas Trekking Merrell Chameleon 5 Ventilator Hombre Gris 46 Gris,Gris,46
Botas Hi-Tec Ravus Vent Mid WP Hombre Chocolate 42 Chocolate,Chocolate,42
Zapatillas Hi-Tec Forza Low WP Niños 38 Gris/Amarillo,Gris/Amarillo,38
Botas Chiruca Patagonia 12 Hombre Marron 42 Marron,Marron,42
"Botas Boreal Mali 46,5 Morado",Morado,"46,5"
Saucony Jazz Original Vintage Hombre Mostaza 45 Mostaza,Mostaza,45
Zapatillas La Sportiva Kaptiva GoreTex Hombre Negro Amarillo 44.5 Negro/Amarillo,Negro/Amarillo,44.5
BOTAS CHIRUCA CAMEROS 02 MARRON 41 Marron,Marron,41
BOTAS CHIRUCA DYNAMIC 52 GORE-TEX MARRON 40 Marron,Marron,40
BOTAS CHIRUCA PANTICOSA 06 GORE-TEX GRIS 41 Gris,Gris,41
Pies de gato La Sportiva Skwama mujer Apple Green-Cobalt Blue 40 Verde/Azul,Verde/Azul,40
Zapatillas New Balance WL574 Mujer Coral 40 Coral,Coral,40
Zapatillas Salomon Xa Elevate J Niños Rojo 32 Rojo,Rojo,32
Guante Inis Trango Negro-negro M Negro,Negro,M
Zapatillas Nike Flex Contact 2 Hombre Negro 43 Negro,Negro,43
Botas Salomon X Ultra 3 Mid Gtx Hombre Sargasso 46 Azul,Azul,46
Pantalones TrangoWorld Kasu FI Hombre Gris M Gris,Gris,M
Polo The North Face Polo Piquet Hombre Blanco L Blanco,Blanco,L
Botas De Senderismo Hi-tec Forza Mid Wp Niños Gris 37 Gris,Gris,37
Botas Campagnolo Rigel Mid Wp Hombre Madera 43 Marron,Marron,43
Chaqueta Columbia Powder Lite Hooded Hombre Rojo S Rojo/Azul,Rojo/Azul,S
Sudadera Trekking Trangoworld Atran Hombre Azul 2xl Azul Mar,Azul mar,2XL
Mallas Running Nike Pro Overdrive Gris Mujer L Gris,Gris,L
Botas Columbia Cascade Pass Waterproof Hombre Marron 42 Marron,Marron,42
Chaqueta De Plumas Icepeak  Kaarl Hombre 54 Azul,Azul,54
Pies de gato La Sportiva Solution White-Yellow 42.5 Blanco/Amarillo,Blanco/Amarillo,42.5
"Zapatillas La Sportiva Akyra Hombre Amarillo 45,5 Amarillo",Amarillo,"45,5"
Chaleco The North Face Thermoball Vest Hombre M Negro,Negro,M
Zapatillas Salomon X Ultra 3 Gtx Hombre Negro Verde 45 1/3 Negro/verde,Negro/Verde,45 1/3
Botas De Montaña Salomon Quest Origins 2 Gtx Hombre 42 Verde,Verde,42
BOTAS CHIRUCA MULHACEN 19 GORETEX HOMBRE GRIS ROJO 43 Gris/Rojo,Gris/Rojo,43
Camiseta Trangoworld Omiz Hombre Naranja L Naranja,Naranja,L
Zapatillas Columbia Redmond V2 Wp Mujer Exprés Océano Profundo 39 Marron,Marron,39
Pies de gato La Sportiva Solution mujer White-Lily Orange 34 Blanco/Naranja,Blanco/Naranja,34
Botas Senderismo Hi-tec Riverstone Wp Hombre Taupe 47 Taupe,Taupe,47
Botas Boreal Hurricane Verde 42 Verde,Verde,42
Pies de gato La Sportiva Mythos Lady 41.5 Blanco,Blanco,41.5
Zapatillas Saucony Shadow 5000 Hombre Azul 44 Azul,Azul,44
Botas Chiruca Massana 07 Gore-tex Burdeos 37 Burdeos,Burdeos,37
Pies de gato La Sportiva Kataki Ocean-Sulphur 45 Azul/Amarillo,Azul/Amarillo,45
Botas Salomon Quest 4d 3 Gtx Hombre Marron 45 1/3 Marron,Marron,45 1/3
Pies de gato La Sportiva Katana Yellow-Black 37.5 Amarillo/Negro,Amarillo/Negro,37.5
Pies de gato La Sportiva Skwama mujer Apple Green-Cobalt Blue 36.5 Verde/Azul,Verde/Azul,36.5
Zapatillas De Trekking Salomon X Ultra 3 Hombre Negro 42 Negro,Negro,42
Pies de gato La Sportiva Katana Tangerine-Tropic Blue 37 Naranja/Azul,Naranja/Azul,37
Botas Boreal APACHE MARRON 42.5 Marron,Marron,42.5
Pantalones Breezy Coromell Hombre Negro Rojo XL Negro/Rojo,Negro/Rojo,XL
ZAPATILLAS LA SPORTIVA MUTANT MUJER ÓPALO AGUA 39 Agua,Agua,39
Zapatillas trail running Salomon Xa Enduro Hombre 41 1/3 Azul/Naranja,Azul/Naranja,41 1/3
Botas Boreal APACHE MARRON 42.5 Marron,Marron,42.5
ATTIPAS - Zapatos bebé ribbon gris attipas 20 GRIS,GRIS,20
Chaqueta trail running Salomon Bonatti Wp Hombre Azul Naranja L Azul/Naranja,Azul/Naranja,L
Botas Boreal BAMBA MID GRIS 46.5 Gris,Gris,46.5
Saucony Jazz Original Vintage Mujer Verde 37 Verde,Verde,37
"Zapatillas La Sportiva Ultra Raptor Mujer Baya 38,5 Baya",Baya,"38,5"
Chaqueta The North Face Stratos Hombre Negro L Negro,Negro,L
"ATTIPAS - Attipas los primeros pasos puzzle azul 21,5 AZUL",AZUL,"21,5"
Pies de gato La Sportiva Skwama Black-Yellow 35.5 Negro/Amarillo,Negro/Amarillo,35.5
Forro Polar Campagnolo 3g10747 Hombre Negro Blanco 48 Negro/Blanco,Negro/Blanco,48
Zapatillas Salomon Rx Slide 4.0 Hombre Negro 44 2/3 Negro,Negro,44 2/3
Botas Boreal ATLAS 40 Marron,Marron,40
Botas Hi-Tec Ravus Vent Mid WP Hombre Chocolate 42 Chocolate,Chocolate,42
Pantalones Breezy Coromell Mujer Negro Phlox L Negro/morado,Negro/Morado,L
Pant. Largo Trx2 Soft Pro Trango Azul-azul Oscuro 2xl Azul,Azul,2XL
Calcetines Compressport Winter Trail Unisex Gris T4 Gris/Amarillo,Gris/Amarillo,T4
Botas Boreal HURRICANE ANTRACITA 40 Antracita,Antracita,40
Sandalias Senderismo Campagnolo Aquarii Mujer Hielo 40 Beig,Beig,40
Zapatillas La Sportiva Spire Gtx Hombre Gris 44 Negro,Negro,44
Botas Chiruca Xacobeo 27 GoreTex Hombre Marron 43 Marron,Marron,43
Zapatillas La Sportiva Kaptiva GoreTex Hombre Negro Amarillo 44.5 Negro/Amarillo,Negro/Amarillo,44.5
Sandalias Chiruca Baleares 01 Beig-verde 40 Beig,Beig,40
Zapatillas Salomon Ultra Pro Hombre Naranja Azul 42 Naranja/azul,Naranja/Azul,42
Zapatillas Saucony DXN Trainer Vintage Mujer Burdeos 40 Burdeos,Burdeos,40
Zapatillas Salomon X Ultra 3 Gtx Hombre Negro Verde 42 2/3 Negro/verde,Negro/Verde,42 2/3
Pies de gato La Sportiva Katana mujer White-Purple 41 Blanco/Morado,Blanco/Morado,41
BOTAS CHIRUCA TROLL 03 GORE-TEX AZUL MARINO 35 Azul Marino,Azul Marino,35
Zapatillas De Trekking Salomon X Ultra 3 Hombre Azul Poseidon 43 1/3 Azul,Azul,43 1/3
Pies de gato La Sportiva Mythos Terra 37.5 Tierra Oscura,Tierra Oscura,37.5
Pies de gato La Sportiva Otaki Blue-Flame 40.5 Azul/Naranja,Azul/Naranja,40.5
BOTAS CHIRUCA URALES 12 GORE-TEX MARRON 41 Marron,Marron,41
"Botas Boreal Apache Marron 45,5 Marron",Marron,"45,5"
Pantalones escalada y Esquí Trangoworld TRX2 Shell wn Mujer M Negro/Amarillo,Negro/Amarillo,M
Zapatillas Salomon Sense Ride 2 Hombre Dalia Roja 45 1/3 Rojo,Rojo,45 1/3
"Zapatillas Boreal Sendai Vent Grafito 44,5 Gris/verde",Gris/verde,"44,5"
Zapatillas trail running La Sportiva Bushido Hombre Negro Amarillo 41.5 Negro/Amarillo,Negro/Amarillo,41.5
ATTIPAS - Zapatos attipas primeros pasos cutie rosa 24 ROSA,ROSA,24
BOTAS CHIRUCA BOXER Boa 12 GORE-TEX MARRON 42 Marron,Marron,42
"Zapatillas Saucony Jazz Trail Original Hombre Púrpura 44,5 Púrpura",Púrpura,"44,5"
Pies de gato La Sportiva Otaki Blue-Flame 42.5 Azul/Naranja,Azul/Naranja,42.5
Sombrero Ternua Kliluk Beige L/XL Taupe,Taupe,L/XL
Zapatillas La Sportiva Ultra Raptor Goretex Mujer Esmeralda Menta 38 Azul,Azul,38
Zapatillas trail running La Sportiva Akasha Hombre Negro 40.5 Negro/Amarillo,Negro/Amarillo,40.5
Zapatillas La Sportiva Hyrax Gtx Marrón 43 Marron,Marron,43
Pullover Trx2 Stretch Pro Trango Azul-azul Oscuro 2xl Azul,Azul,2XL
Botas Hi-Tec Ravus Vent Mid WP Hombre Chocolate 46 Chocolate,Chocolate,46
Pant. Largo Trx2 Pes Stretch Pro Trango Azul 2xl Azul,Azul,2XL
Botas Salomon Quest 4d 3 Gtx Hombre Negro 44 Negro,Negro,44
Zapatillas Boreal Sendai Vent verde 43 1/4 verde,verde,43 1/4
"Zapatillas Trail Running La Sportiva Akasha Mujer Negro Morado 38,5 Negro/morado",Negro/Morado,"38,5"
Botas De Montaña Millet High Route Gtx Hombre 43 1/3 Marron,Marron,43 1/3
Zapatillas Salomon X Radiant Goretex Hombre Beluga 42 2/3 Gris Oscuro,Gris Oscuro,42 2/3
Zapatillas Salomon X Ultra 3 Gtx Mujer Gris 38 2/3 Gris,Gris,38 2/3
Zapatillas Boreal SENDAI WS GRIS 41.5 Gris,Gris,41.5
Zapatillas La Sportiva Mutant Hombre Mandarina Carbón 43 Naranja/Gris,Naranja/Gris,43
Sudadera The North Face Drew Peak Hombre Gris Negro L Gris/Negro,Gris/Negro,L
Botas Salomon Quest 4d 3 Gtx Hombre Negro 44 Negro,Negro,44
Botas Boreal TEMPEST MID GRAFITO 42.5 Gris/Verde,Gris/Verde,42.5
BOTAS CHIRUCA TROLL 06 GORE-TEX LILA 29 Lila,Lila,29
Calcetines Trail Running Compressport Pro Racing Socks V3.0 Verde 45 - 48 Verde,Verde,45 - 48
Zapatillas Merrell Outmost Vent GoreTex Hombre Canguro 42 Marron,Marron,42
Zapatillas Nike Flex Contact 2 Hombre Antracita 41 Antracita,Antracita,41
Botas Hi-Tec Ravus Adventure Mid WP Hombre Chocolate 45 Chocolate,Chocolate,45
"ATTIPAS - Attipas calzado los primeros pasos polka gris 21,5 GRIS",GRIS,"21,5"
Botas Salomon X Ultra 3 Mid GTX Hombre Castor Gray 43 1/3 Gris,Gris,43 1/3
Pies de gato La Sportiva Miura mujer White-Jade Green 34 Blanco/Verde,Blanco/Verde,34
Chaqueta Salomon Bonatti Race Wp Hombre Gris S Gris,Gris,S
Botas Boreal BAMBA MID WS GRIS 38 Gris,Gris,38
Calcetines Running Compressport Pro Racing Socks V3.0 Ultralight High Negro 35 - 38 Negro,Negro,35 - 38
Zapatillas Nike Downshifter 8 Hombre Gris 42 Gris/naranja,Gris/Naranja,42
Zapatillas Boreal FUTURA ANTRACITA 46.5 Antracita,Antracita,46.5
Botas Boreal ORDESA WOMEN'S GRIS 39.5 Gris,Gris,39.5
Pies de gato La Sportiva Otaki Blue-Flame 39 Azul/Naranja,Azul/Naranja,39
Chaqueta De Plumas Icepeak  Kaarl Hombre 54 Azul,Azul,54
Chaqueta Soft Shell Trekking Izas Copper Hombre Negro Rojo M Negro/rojo,Negro/Rojo,M
Botas Montaña Millet Ld High Route Mesh Mujer 40 2/3 Gris,Gris,40 2/3
"Zapatillas Boreal Alligator 45,5 Burdeos",Burdeos,"45,5"
Botas Hi-tec Gregal Mid Wp Hombre Gris 45 Gris,Gris,45
Pies de gato La Sportiva Solution White-Yellow 43.5 Blanco/Amarillo,Blanco/Amarillo,43.5
Zapatillas Trail Running La Sportiva Akasha Mujer Negro Morado 38 Negro/morado,Negro/Morado,38
Botas Boreal DROM MID GRAFITO 42 Gris/Verde,Gris/Verde,42
Botas Boreal ATLAS MARINO 35.5 Azul Marino,Azul Marino,35.5
Pantalones Breezy Coromell Hombre Negro Azul L Negro/Azul,Negro/Azul,L
Pies de gato La Sportiva Otaki Blue-Flame 42.5 Azul/Naranja,Azul/Naranja,42.5
Zapatillas Boreal AZTEC WOMEN'S 40 Gris,Gris,40
Zapatillas Nike Revolution 4 Eu Mujer Tormenta 42 Azul,Azul,42
BOTAS CHIRUCA TROLL 06 GORE-TEX LILA 38 Lila,Lila,38
Zapatillas Nike Downshifter 8 Hombre Lobo Gris 43 Gris,Gris,43
Zapatillas Hi-Tec Badwater Hombre Negro Blanco 41 Negro/Blanco,Negro/Blanco,41
BOTAS CHIRUCA TROLL 06 GORE-TEX LILA 31 Lila,Lila,31
BOTAS CHIRUCA URALES 12 GORE-TEX MARRON 41 Marron,Marron,41
"Zapatillas La Sportiva Lycan Hombre Gris Verde 44,5 Gris/verde",Gris/Verde,"44,5"
Botas La Sportiva Trango Trk Leather GTX Gris Verde 40 Carbon,Carbon,40
Pies de gato La Sportiva Genius 41 Rojo/Amarillo,Rojo/Amarillo,41
Zapatillas Boreal FLYERS VENT WS 37 Gris,Gris,37
Zapatillas Salomon Ultra Pro Hombre Clima Tormentoso 42 2/3 Gris/Naranja,Gris/Naranja,42 2/3
Pies de gato La Sportiva Genius 45.5 Rojo/Amarillo,Rojo/Amarillo,45.5
Zapatillas Salomon X Ultra 3 Gtx Hombre Azul Azul 41 1/3 Azul/azul,Azul/Azul,41 1/3
Zapatillas Merrell Accentor Sport Goretex Mujer Negro Acuífero 38 Negro/azul,Negro/Azul,38
Pantalones Breezy Coromell Mujer Negro Azul XL Negro/Azul,Negro/Azul,XL
Botas Boreal Apache Gris 43 1/4 Gris,Gris,43 1/4
ATTIPAS - Attipas calzado los primeros pasos sneakers gris 19 GRIS,GRIS,19
Pantalones Running The North Face Versitas Short Mujer Morado L Morado,Morado,L
Zapatillas Montaña Salomon X Ultra 2 Gtx Mujer Azul 40 Azul,Azul,40
Zapatillas New Balance Fresh Foam Cruz On Mujer Gris 41 Gris,Gris,41
Botas Boreal SIANA CORAL 39.5 Coral,Coral,39.5
Zapatillas La Sportiva Hyrax Gtx Marrón 41 Marron,Marron,41
Pies de gato La Sportiva Katana Yellow-Black 38.5 Amarillo/Negro,Amarillo/Negro,38.5
Botas Boreal Tempest Mid Grafito 43 1/4 Gris/verde,Gris/Verde,43 1/4
"Zapatillas La Sportiva Mutant Mujer Cieruela Manzana Verde 36,5 Cereza",Verde/Cereza,"36,5"
BOTAS CHIRUCA CARES 05 GORE-TEX GRIS 36 Gris,Gris,36
Botas De Montaña Merrell Grassbow Mid Sport Goretex Hombre 41 Gris,Gris,41
Botas Salomon X Ultra 3 Mid Gtx Mujer Imán 40 Negro,Negro,40
"Zapatillas Trail Running La Sportiva Akasha Mujer Negro Morado 38,5 Negro/morado",Negro/Morado,"38,5"
Zapatillas Saucony Excursion Tr11 Hombre Rojo Gris 42 Rojo/gris,Rojo/Gris,42
Pies de gato La Sportiva Solution mujer White-Lily Orange 39 Blanco/Naranja,Blanco/Naranja,39
Botas De Montaña Millet High Route Gtx Hombre 45 1/3 Marron,Marron,45 1/3
Pies de gato La Sportiva Katana mujer White-Purple 41 Blanco/Morado,Blanco/Morado,41
Zapatillas Trail Running Salomon Wings Pro 2 Hombre Azul Verde 46 Azul/verde,Azul/Verde,46
Zapatillas Chiruca Maracaibo 19 Morado 37 Morado,Morado,37
Chaleco Columbia Powder Lite Hombre Negro L Negro,Negro,L
Zapatillas Trail Running The North Face Ultra Equity Gtx Hombre 41 Negro,Negro,41
Pies de gato La Sportiva Skwama mujer Apple Green-Cobalt Blue 35 Verde/Azul,Verde/Azul,35
Zapatillas Salomon Rx Slide 4.0 Hombre Negro 42 2/3 Negro,Negro,42 2/3
BOTAS CHIRUCA GALICIA 02 GORE-TEX MARRON 41 Marron,Marron,41
Pies de gato La Sportiva Katana Yellow-Black 36.5 Amarillo/Negro,Amarillo/Negro,36.5
Saucony Jazz Original Vintage Azul Mujer 39 Azul,Azul,39
Zapatillas Saucony Jazz Trail Original Hombre Púrpura 44 Púrpura,Púrpura,44
Zapatillas de trekking Salewa Ms MTN Trainer Hombre Gris 41 Gris,Gris,41
Zapatillas La Sportiva Kaptiva GoreTex Hombre Negro Amarillo 42.5 Negro/Amarillo,Negro/Amarillo,42.5
Botas The North Face Storm Strike Wp Hombre Negro 44 Negro,Negro,44
Botas Hi-tec Bandera Lite Wp Hombre Gris Azul 42 Gris/azul,Gris/Azul,42
Chaqueta Awel Ft Trango Naranja M Naranja,Naranja,M
Botas Boreal TEMPEST MID GRAFITO 39.5 Gris/Verde,Gris/Verde,39.5
Pies de gato La Sportiva TaRENTula 42.5 Gris,Gris,42.5
Botas Boreal ZANSKAR GRIS 40 Gris,Gris,40
Sandalias Chiruca Capri 52 Hombre Marrón 44 Marron,Marron,44
Botas Boreal YUCATAN GRIS 42.5 Gris,Gris,42.5
Pies de gato La Sportiva Miura mujer White-Jade Green 35 Blanco/Verde,Blanco/Verde,35
Botas de Montaña Merrell Moab Fst Ice+ Thermo Hombre 41 Verde oliva,Verde oliva,41
Zapatillas Boreal Flyers Vent Marino 43 1/4 Azul Marino,Azul Marino,43 1/4
Botas De Montaña Merrell Grassbow Mid Sport Goretex Hombre 41 Gris,Gris,41
Camiseta The North Face S/s Kcc Chest Tee Hombre Verde M Verde,Verde,M
BOTAS CHIRUCA RIGLOS 05 GRIS 42 Gris,Gris,42
Botas La Sportiva Trango Tech Gtx Negro-Amarillo 42 Negro/Amarillo,Negro/Amarillo,42
Botas Chiruca Massana 07 Gore-tex Burdeos 37 Burdeos,Burdeos,37
Zapatillas New Balance Fresh Foam Cruz On Hombre Negro Imán 42 Negro,Negro,42
Chaqueta Ganin Ft Trango Verde Lima L Lima,Lima,L
"Zapatillas La Sportiva Crossover 2.0 Goretex Hombre Negro 40,5 Negro",Negro,"40,5"
Pies de gato La Sportiva Miura Lime 44 Lima,Lima,44
Botas Salomon X Ultra 3 Mid Gtx Mujer Azul Lima 41 1/3 Azul/verde,Azul/Verde,41 1/3
Zapatillas Nike Downshifter 8 Hombre Lobo Gris 43 Gris,Gris,43
Botas Boreal ATLAS MARINO 35.5 Azul Marino,Azul Marino,35.5
Mallas De Compresión Sontress 5005 Mujer L Negro,Negro,L
Pies de gato La Sportiva Katana Tangerine-Tropic Blue 42.5 Naranja/Azul,Naranja/Azul,42.5
Zapatillas Boreal GLOVE ANTRACITA 42.5 Antracita,Antracita,42.5
"Botas La Sportiva Trango Trk Gtx Carbon 44,5 Carbon",Carbon,"44,5"
Botas Boreal Maipo 42 Gris,Gris,42
Botas Hi-Tec Gregal Mid WP Hombre Marron 43 Marron,Marron,43
"Zapatillas La Sportiva Kaptiva Goretex Mujer Negro Orquídea 38,5 Negro/fuxia",Negro/Fuxia,"38,5"
BOTAS CHIRUCA BERREA Hi Vis 08 GORE-TEX MARRON-NARANJA 43 Marron,Marron,43
Sudadera The North Face Drew Peak Hombre Gris Negro S Gris/Negro,Gris/Negro,S
Botas Boreal ASPEN 32 Gris/Rojo,Gris/Rojo,32
Zapatillas Nike Downshifter 8 Hombre Gris 42 Gris/naranja,Gris/Naranja,42
Botas Boreal MAZAMA MARRON 40 Marron,Marron,40
Zapatillas Saucony Shadow 5000 Vintage Hombre Verde 41 Verde,Verde,41
Zapatillas Saucony Azura Hombre Blanco 44.5 Blanco,Blanco,44.5
Chaqueta de Senderismo Ternua Zixon Therm Hombre Burdeos XL Burdeos,Burdeos,XL
Zapatillas Salomon X Radiant Goretex Hombre Beluga 42 Gris Oscuro,Gris Oscuro,42
Calcetines Running Compressport Pro Racing Socks V3.0 Ultralight High Negro 35 - 38 Negro,Negro,35 - 38
Zapatillas Merrell Accentor Sport Goretex Mujer Negro Acuífero 38 Negro/azul,Negro/Azul,38
Botas Trekking Salomon Authentic Ltr Gtx Hombre Verde 44 Verde,Verde,44
Botas La Sportiva Trango Guide Evo Gtx Azul 45 Azul/rojo,Azul/Rojo,45
Pies de gato La Sportiva Miura mujer White-Jade Green 35.5 Blanco/Verde,Blanco/Verde,35.5
Botas Boreal ZANSKAR MARRON 42.5 Marron,Marron,42.5
Zapatillas New Balance Fresh Foam Cruz On Hombre Azul 42 Azul,Azul,42
BOTAS CHIRUCA GREDOS SUPRA 05 GORE-TEX GRIS 38 Gris,Gris,38
Sudadera The North Face Drew Peak Hombre Negro Gris M Negro/gris,Negro/Gris,M
Zapatillas Boreal DROM GRIS 40 2/3 Gris,Gris,40 2/3
Sudadera The North Face Drew Peak Hombre Negro Gris M Negro/gris,Negro/Gris,M
Chaqueta De Plumas Icepeak  Kaarl Hombre 54 Azul,Azul,54
Zapatillas Boreal FLYERS VENT WS 37 Gris,Gris,37
BOTAS CHIRUCA CARES 52 GORE-TEX MARRON 43 Marron,Marron,43
ZAPATILLAS LA SPORTIVA MUTANT MUJER ÓPALO AGUA 38.5 Agua,Agua,38.5
Pies de gato La Sportiva Genius 38.5 Rojo/Amarillo,Rojo/Amarillo,38.5
Zapatillas Salomon Xa Elevate J Niños Rojo 31 Rojo,Rojo,31
Chaqueta Salomon Bonatti Race Wp Hombre Gris XL Gris,Gris,XL
ATTIPAS - Attipas calzado los primeros pasos sneakers azul 19 AZUL,AZUL,19
Pies de gato La Sportiva Solution White-Yellow 36 Blanco/Amarillo,Blanco/Amarillo,36
Zapatillas Boreal Alligator Women's 42 Rojo,Rojo,42
Sandalias Salomon Rx Break Hombre Perla Azul 44 Azul/verde,Azul/Verde,44
Zapatillas New Balance KD373 Morado 40 Morado,Morado,40
Chaqueta de Senderismo Ternua Zixon Therm Hoody Hombre Burdeos S Burdeos,Burdeos,S
Botas Chiruca Mars Boa 05 Goretex Niños Gris Rojo 35 Gris/rojo,Gris/Rojo,35
CAMISETA INTERIOR TRX2 WOOL WM PRO TRANGO GRIS CLARO-GRIS OSCURO L Gris,Gris,L
"Zapatillas Boreal Sendai Vent verde 42,5 verde",verde,"42,5"
Pies de gato La Sportiva Futura Blue-Yellow 37.5 Azul/Amarillo,Azul/Amarillo,37.5
Zapatillas Trekking Salewa Wildfire Pro Goretex Hombre 45 Azul,Azul,45
Sandalias Chiruca Cartagena 05 Mujer Gris Morado 39 Gris,Gris,39
BOTAS CHIRUCA MONIQUE 12 GORE-TEX MARRON 39 Marron,Marron,39
Saucony Jazz Original Vintage Hombre Mostaza 44 Mostaza,Mostaza,44
Zapatillas La Sportiva Akasha Hombre Negro Naranja 41 Negro/Naranja,Negro/Naranja,41
BOTAS CHIRUCA PANTICOSA 06 GORE-TEX GRIS 39 Gris,Gris,39
Zapatillas Nike Flex Experience Rn 7 Hombre Recuerdo Azul 41 Azul,Azul,41
Botas Boreal MALI GRIS 37 Gris,Gris,37
Zapatillas Boreal DROM W'S MORADO 37.5 Morado,Morado,37.5
Zapatillas Merrell Moab 2 Goretex Hombre Navy 44 Navy,Navy,44
Botas Columbia Redmond V2 Mid Wp Hombre Grafito Jaspe Rojo 42 Gris/Rojo,Gris/Rojo,42
Botas Chiruca Xacobeo 12 Goretex Hombre Marron 39 Marron,Marron,39
Zapatillas Boreal FUTURA ANTRACITA 46.5 Antracita,Antracita,46.5
Chaqueta Campagnolo Hybrid 3E48367 Hombre 50 Antracita,Antracita,50
BOTAS CHIRUCA CAMEROS 02 MARRON 43 Marron,Marron,43
Chaqueta Bern Trango Negro M Negro,Negro,M
BOTAS CHIRUCA GREDOS SUPRA 05 GORE-TEX GRIS 46 Gris,Gris,46
"Botas The North Face Hedgehog Fastpack Mid Gtx Hombre Negro 42,5 Negro",Negro,"42,5"
Sombrero Ternua Kliluk Beige S/M Taupe,Taupe,S/M
Zapatillas Boreal GLOVE ANTRACITA 42.5 Antracita,Antracita,42.5
Botas La Sportiva Trango Trk Gtx Amarillo Negro 41 Amarillo/Negro,Amarillo/Negro,41
Pies de gato La Sportiva TC Pro 41 Crema,Crema,41
Botas de Montaña Merrell Azura Mid Waterproof Mujer 37 Gris/Verde,Gris/Verde,37
BOTAS CHIRUCA DALLAS 12 GORE-TEX MARRON 41 Marron,Marron,41
Zapatillas Boreal Aztec Verde 46 Verde,Verde,46
BOTAS CHIRUCA CARES 05 GORE-TEX GRIS 41 Gris,Gris,41
Zapatillas trail running La Sportiva Akasha Hombre Negro 44 Negro/Amarillo,Negro/Amarillo,44
BOTAS CHIRUCA DALLAS 12 GORE-TEX MARRON 42 Marron,Marron,42
BOTAS CHIRUCA MASSANA 02 GORE-TEX MARRON 39 Marron,Marron,39
Pantalones Salomon S-Lab Short 6 M Hombre Negro Negro M,Negro,M
Zapatillas Merrell Moab 2 Goretex Hombre Navy 44 Navy,Navy,44
Zapatillas La Sportiva Akyra Hombre Azul Oceano 43 Azul,Azul,43
Pies de gato La Sportiva Tarantula mujer Turquoise 40 Turquesa,Turquesa,40
Zapatillas Nike Revolution 4 Eu Hombre Navy Medianoche 42 Azul Marino,Azul Marino,42
BOTAS CHIRUCA ETRUSCA 02 GORE-TEX MARRON 43 Marron,Marron,43
Pies de gato La Sportiva Futura mujer Jade Green-White 35.5 Verde/Blanco,Verde/Blanco,35.5
Pies de gato La Sportiva Solution mujer White-Lily Orange 39.5 Blanco/Naranja,Blanco/Naranja,39.5
Botas De Montaña Salomon Quest 4d 2 Gtx Hombre Marron Negro 43 1/3 Marron,Marron,43 1/3
Botas Boreal Hurricane Verde 42 Verde,Verde,42
Botas Boreal DROM MID GRAFITO 42 Gris/Verde,Gris/Verde,42
Pies de gato La Sportiva Genius 43 Rojo/Amarillo,Rojo/Amarillo,43
Sandalias Chiruca Malibu 07 Mujer Coral 40 Coral,Coral,40
Botas Chiruca Massana 06 Goretex Mujer Gris Morado 40 Gris,Gris,40
Botas Chiruca Monique 07 Goretex Mujer Burdeos 38 Burdeos,Burdeos,38
"Zapatillas Boreal SENDAI VENT GRAFITO 45,5 Gris/verde",Gris/verde,"45,5"
Botas Chiruca Trofeo 01 GoreTex Pointer Hombre 46 Kaki,Kaki,46
Botas Boreal STRIDER 42.5 Marron,Marron,42.5
Zapatillas Hi-Tec Ravus Vent Low Wp Hombre Gris 46 Gris,Gris,46
Pies de gato La Sportiva Futura mujer Jade Green-White 36.5 Verde/Blanco,Verde/Blanco,36.5
Zapatillas Nike Revolution 4 Eu Hombre Negro Rojo 44 Negro/rojo,Negro/Rojo,44
Zapatillas Saucony Jazz Original Vintage Niños Navy 31 Navy,Navy,31
Calcetines Lorpen T3 Midweight Hiker Negro 39/42 Negro,Negro,39/42
Calcetines Running Compressport Pro Racing Socks V3.0 Ultralight High Negro 35 - 38 Negro,Negro,35 - 38
Botas Salomon X Ultra 3 Mid GTX Hombre Castor Gray 41 1/3 Gris,Gris,41 1/3
Zapatillas Nike Revolution 4 Eu Hombre Negro Rojo 44 Negro/rojo,Negro/Rojo,44
Zapatillas Boreal FLYERS VENT MARINO 40 3/4 Azul Marino,Azul Marino,40 3/4
ZAPATILLAS LA SPORTIVA MUTANT MUJER ÓPALO AGUA 36 Agua,Agua,36
Pant. Largo Prote Fi Trango Rojo-antracita L Rojo,Rojo,L
Pies de gato La Sportiva Tarantula mujer Turquoise 38.5 Turquesa,Turquesa,38.5
Sandalias Hi-Tec Santorini Strap Mujer Taupe 37 Taupe,Taupe,37
Chaqueta Salomon Bonatti Race Wp Hombre Gris S Gris,Gris,S
Botas De Montaña Salomon X Alp Mid Ltr Gtx Hombre Azul 44 Azul,Azul,44
BOTAS CHIRUCA DALLAS 12 GORE-TEX MARRON 41 Marron,Marron,41
"Zapatillas New Balance Fresh Foam Crag V2 Hombre Oro 41,5 Oro Brillante",Oro brillante,"41,5"
BOTAS CHIRUCA MONIQUE 09 GORE-TEX GRIS-ROJO 36 Gris/Rojo,Gris/Rojo,36
Zapatillas Running Nike Revolution 3 Hombre Gris Rojo 42 Gris,Gris,42
"Zapatillas Saucony Jazz Trail Original Hombre Púrpura 44,5 Púrpura",Púrpura,"44,5"
Botas Boreal NELION WOMEN'S 37 Lima,Lima,37
Zapatillas Trail Running Salomon Wings Pro 2 Hombre Azul Verde 46 Azul/verde,Azul/Verde,46
Botas Chiruca Massana 06 Goretex Mujer Gris Morado 38 Gris,Gris,38
Zapatillas Saucony Jazz Original Vintage Niños Navy 31 Navy,Navy,31
Zapatillas Boreal SENDAI GRIS 40 Gris,Gris,40
"Calcetines Icebreaker Hike+ Light Crew Hombre 39 - 41,5 Gris",Gris,"39 - 41,5"
Zapatillas Boreal AZTEC WOMEN'S 37 Gris,Gris,37
Botas Boreal MALI GRIS 37.5 Gris,Gris,37.5
BOTAS CHIRUCA PANTICOSA 12 GORE-TEX MARRON 40 Marron,Marron,40
ZAPATILLAS LA SPORTIVA MUTANT MUJER ÓPALO AGUA 42 Agua,Agua,42
Sudadera +8000 Almaden J 044 Niños Azul 8 Azul,Azul,8
"Zapatillas Nike Flex Contact 2 Hombre Antracita 42,5 Antracita",Antracita,"42,5"
Zapatillas Columbia Canyon Point Waterproof Hombre Carbon 48 Carbon,Carbon,48
BOTAS CHIRUCA DALLAS 12 GORE-TEX MARRON 41 Marron,Marron,41
Zapatillas Skechers Gorun Fast Valor Hombre Rojo 42 Rojo,Rojo,42
Zapatillas Nike Revolution 4 Eu Hombre Rojo 42 Rojo,Rojo,42
Pies de gato La Sportiva Miura Lime 43 Lima,Lima,43
Botas Boreal KLAMATH WMN'S LILA 37.5 Lila,Lila,37.5
"Zapatillas Nike Downshifter 8 Mujer Lobo Gris 37,5 Gris",Gris,"37,5"
Pantalones Breezy Coromell Hombre Negro Azul M Negro/Azul,Negro/Azul,M
Zapatillas Boreal DROM W'S MORADO 41.5 Morado,Morado,41.5
Zapatillas De Senderismo Hi-tec Ruta Low Wp Hombre Marron 40 Marron,Marron,40
"Botas Boreal Nelion 39,5 Rojo",Rojo,"39,5"
Botas Salomon Quest 4d 3 Gtx Hombre Negro 41 1/3 Negro,Negro,41 1/3
Botas Boreal MAIPO 40 Gris,Gris,40
Zapatillas Saucony DXN Trainer Vintage Mujer Burdeos 41 Burdeos,Burdeos,41
"Zapatillas La Sportiva Akyra Hombre Amarillo 45,5 Amarillo",Amarillo,"45,5"
Pies de gato La Sportiva Otaki Blue-Flame 37.5 Azul/Naranja,Azul/Naranja,37.5
Pies de gato La Sportiva Miura mujer White-Jade Green 36 Blanco/Verde,Blanco/Verde,36
Zapatillas Salomon X Ultra 3 Gtx Hombre Negro 43 1/3 Negro,Negro,43 1/3
Pantalones Chiruca Silvano Pro 11 Hombre XL Kaki,Kaki,XL
CAMISETA INTERIOR TRX2 WOOL WM PRO TRANGO GRIS CLARO-GRIS OSCURO S Gris,Gris,S
Pies de gato La Sportiva Skwama mujer Apple Green-Cobalt Blue 38 Verde/Azul,Verde/Azul,38
Pies de gato La Sportiva Finale mujer Grey-Coral 33 Gris/Coral,Gris/Coral,33
Zapatillas New Balance Kd373 Marron 37 Marron,Marron,37
Camiseta Salomon S-Lab Sense Tee Hombre Blanco Negro XS Blanco/Negro,Blanco/Negro,XS
Camiseta trail running Salomon Agile Warm HZ Mid Hombre Lima M Lima,Lima,M
Zapatillas Salomon X Ultra 3 Prime Goretex Mujer Málaga 41 1/3 Rosa,Rosa,41 1/3
Zapatillas La Sportiva Ultra Raptor Hombre Azul Amarillo 41.5 Azul/Amarillo,Azul/Amarillo,41.5
Zapatillas Salomon Xa Pro 3d Goretex Hombre Negro 44 Negro,Negro,44
Pies de gato La Sportiva Finale mujer Grey-Coral 35 Gris/Coral,Gris/Coral,35
Pies de gato La Sportiva Katana Yellow-Black 36 Amarillo/Negro,Amarillo/Negro,36
Botas Merrell Chameleon 7 Limit Mid Wp Hombre Oliva 43 Verde Oliva,Verde oliva,43
Pies de gato La Sportiva Katana mujer White-Purple 41.5 Blanco/Morado,Blanco/Morado,41.5
Chaqueta Hara Trango Carmesi M Rosa,Rosa,M
Botas Boreal BAMBA MID WS GRIS 38 Gris,Gris,38
Pies de gato La Sportiva Katana Yellow-Black 36.5 Amarillo/Negro,Amarillo/Negro,36.5
BOTAS CHIRUCA PANTICOSA 06 GORE-TEX GRIS 39 Gris,Gris,39
Zapatillas Running Nike Flex Experience Rn 5 Hombre Negro 44 Negro,Negro,44
Zapatillas De Trekking Salomon X Ultra 2 Gtx Hombre Lima 44 2/3 Lima,Lima,44 2/3
Botas Boreal YUCATAN GRIS 40 Gris,Gris,40
Pantalones Cortos Trango World Yittu Mujer Morado M Morado,Morado,M
Botas Salomon X Ultra 3 Mid Gtx Hombre Sargasso 46 Azul,Azul,46
Pantalones Chiruca Silvano Pro 11 Hombre XXL Kaki,Kaki,XXL
ZAPATILLAS LA SPORTIVA MUTANT MUJER ÓPALO AGUA 43 Agua,Agua,43
Zapatillas Salomon Ultra Pro Hombre Naranja Azul 46 Naranja/azul,Naranja/Azul,46
Gorra The North Face Horizon New Taupe S/m Verde,Verde,S/M
BOTAS CHIRUCA CAMEROS 02 MARRON 42 Marron,Marron,42
"Botas The North Face Hedgehog Fastpack Mid Gtx Hombre Negro 42,5 Negro",Negro,"42,5"
Botas Boreal TURKANA GRIS 39.5 Gris,Gris,39.5
Pantalones Breezy Coromell Hombre Negro Azul M Negro/Azul,Negro/Azul,M
Pies de gato La Sportiva Cobra Slate 37.5 Gris,Gris,37.5
Chaqueta de fibras The North Face Thermoball Hoodie Hombre Gris Oscuro S Gris Oscuro,Gris Oscuro,S
Zapatillas De Trekking Salomon X Ultra 3 Hombre Azul Poseidon 45 1/3 Azul,Azul,45 1/3
Zapatillas Boreal Sendai Vent verde 46 verde,verde,46
Medias de compresión Compressport R2 Amarillo Azul T4 Amarillo/Azul,Amarillo/Azul,T4
Zapatillas Boreal BAMBA ANTRACITA 39.5 Antracita,Antracita,39.5
Botas Boreal YUCATAN GRIS 41.5 Gris,Gris,41.5
Zapatillas Columbia Canyon Point Waterproof Hombre Marron 46 Marron,Marron,46
Zapatillas La Sportiva Hyrax Gtx Marrón 43 Marron,Marron,43
"Zapatillas Trail Running La Sportiva Bushido Hombre Gris Verde 41,5 Gris/verde",Gris/Verde,"41,5"
Botas De Montaña Merrell Capra Mid Sport Gore-tex Hombre 45 Naranja,Naranja,45
BOTAS CHIRUCA MONIQUE 01 GORE-TEX GRIS-VERDE 40 Gris/Verde,Gris/Verde,40
ZAPATILLAS LA SPORTIVA URAGANO GORETEX HOMBRE NEGRO AMARILLO 41.5 Negro/Amarillo,Negro/Amarillo,41.5
BOTAS CHIRUCA BOXER Boa 12 GORE-TEX MARRON 43 Marron,Marron,43
Botas Boreal SIANA CORAL 37 Coral,Coral,37
Zapatillas Salomon Xa Pro 3d J Niños Cerise 32 Cereza,Cereza,32
Botas Boreal ATLAS MARINO 35.5 Azul Marino,Azul Marino,35.5
Zapatillas Boreal GLOVE W'S MALVA 41.5 Morado,Morado,41.5
Camiseta running Salomon Agile SS Tee Mujer Azul Medieval L Azul oscuro,Azul oscuro,L
Botas Salomon X Ultra 3 Mid Gtx Mujer Azul Lima 40 Azul/verde,Azul/Verde,40
Zapatillas Trail Running Salomon X-mission 2 Mujer 38 2/3 Gris/azul,Gris/Azul,38 2/3
"Botas La Sportiva Trango Trek Micro Evo Gtx Antracita Rojo 43,5 Gris/rojo",Gris/Rojo,"43,5"
Botas Senderismo Hi-tec Riverstone Wp Hombre Gris 43 Gris,Gris,43
Pies de gato La Sportiva Tarantula mujer Coral 38 Coral,Coral,38
Zapatillas La Sportiva Ultra Raptor Goretex Mujer Esmeralda Menta 38 Azul,Azul,38
BOTAS CHIRUCA DALLAS 12 GORE-TEX MARRON 40 Marron,Marron,40
Zapatillas Columbia Canyon Point Waterproof Hombre Carbon 40 Carbon,Carbon,40
Botas Boreal KOVACH GRIS 44.5 Gris,Gris,44.5
ZAPATILLAS LA SPORTIVA MUTANT MUJER ÓPALO AGUA 39 Agua,Agua,39
Botas Boreal BAMBA MID WS GRIS 40 Gris,Gris,40
Pantalones Salomon Wayfarer Hombre Negro 48r Negro,Negro,48R
ZAPATILLAS LA SPORTIVA MUTANT MUJER ÓPALO AGUA 38.5 Agua,Agua,38.5
Zapatillas Salomon Xa Pro 3d Goretex Hombre Negro 41 1/3 Negro,Negro,41 1/3
CAMISETA INTERIOR TRX2 WOOL WM PRO TRANGO GRIS CLARO-GRIS OSCURO XXL Gris,Gris,XXL
Zapatillas La Sportiva Hyrax Gtx Marrón 43 Marron,Marron,43
Zapatillas New Balance Fuelcore Nergize Mujer Azul 37 Azul,Azul,37
Zapatillas La Sportiva Jynx Niños 27-35 Ópalo Manzana Verde 34 Azul,Azul,34
Pies de gato La Sportiva Otaki Blue-Flame 42 Azul/Naranja,Azul/Naranja,42
BOTAS CHIRUCA ETRUSCA 02 GORE-TEX MARRON 40 Marron,Marron,40
Zapatillas Nike Flex Contact 2 Hombre Negro 43 Negro,Negro,43
Botas Chiruca Dallas 05 Gore-tex Negro 43 Negro,Negro,43
"Zapatillas La Sportiva Hyrax Gtx Marrón 40,5 Marron",Marron,"40,5"
"Zapatillas La Sportiva Wild Cat Mujer Gris Rojo 40,5 Gris/rojo",Gris/Rojo,"40,5"
Zapatillas Columbia Ivo Trail Mujer Laguna Coral 40 Azul/rosa,Azul/Rosa,40
Pies de gato La Sportiva Skwama mujer Apple Green-Cobalt Blue 38.5 Verde/Azul,Verde/Azul,38.5
Zapatillas La Sportiva Akyra Hombre Amarillo 41 Amarillo,Amarillo,41
Botas Hi-Tec Ravus Adventure Mid WP Hombre Chocolate 46 Chocolate,Chocolate,46
"Zapatillas Nike Downshifter 8 Hombre Lobo Gris 45,5 Gris",Gris,"45,5"
Zapatillas Boreal GLOVE ANTRACITA 44 Antracita,Antracita,44
Pies de gato La Sportiva Otaki mujer Sulphur-Coral 36 Amarillo/Rosa,Amarillo/Rosa,36
Zapatillas Boreal Bamba W's verde 42 verde,verde,42
BOLSO EXPEDICION 120 TRANGO ANTRACITA-NEGRO L Antracita,Antracita,L
Zapatillas Saucony Azura Hombre Blanco 41 Blanco,Blanco,41
Zapatillas Salomon Ultra Pro Hombre Clima Tormentoso 41 1/3 Gris/Naranja,Gris/Naranja,41 1/3
ATTIPAS - Zapatos bebé ribbon gris attipas 20 GRIS,GRIS,20
Zapatillas De Trekking Salomon X Ultra 3 Hombre Azul Poseidon 43 1/3 Azul,Azul,43 1/3
Zapatillas Columbia Canyon Point Waterproof Hombre Carbon 40 Carbon,Carbon,40
Saucony Jazz Original Vintage Mujer Granate 40 Granate,Granate,40
Botas Boreal KOVACH GRIS 42.5 Gris,Gris,42.5
"Botas Boreal Mali 46,5 Morado",Morado,"46,5"
Botas Salewa Ms Mtn Trainer Mid Goretex Hombre Negro Amarillo 45 Negro/amarillo,Negro/Amarillo,45
Pies de gato La Sportiva Finale mujer Grey-Coral 37 Gris/Coral,Gris/Coral,37
Pies de gato La Sportiva Miura mujer White-Jade Green 35 Blanco/Verde,Blanco/Verde,35
Chaqueta Peyrol Trango Verde Claro M Verde,Verde,M
BOTAS CHIRUCA DYNAMIC 52 GORE-TEX MARRON 39 Marron,Marron,39
"Botas La Sportiva Olympus Mons Evo Negro Amarillo 42,5 Negro/amarillo",Negro/Amarillo,"42,5"
Pies de gato La Sportiva Kataki mujer Mint-Coral 36 Menta,Menta,36
Zapatillas Merrell Moab 2 GoreTex Hombre Navy 41 Navy,Navy,41
Botas De Montaña Merrell Tucson Mid Waterproof Hombre 45 Marron,Marron,45
Zapatillas Running Nike Revolution 3 Hombre Gris Rojo 42 Gris,Gris,42
Botas De Montaña Millet High Route Gtx Hombre 44 2/3 Marron,Marron,44 2/3
Botas Salewa Ms Mtn Trainer Mid Goretex Hombre Negro Amarillo 45 Negro/amarillo,Negro/Amarillo,45
Chaqueta Soft Shell Trekking Izas Copper Hombre Gris XS Gris,Gris,XS
Zapatillas Nike Revolution 4 Eu Hombre Negro Verde 41 Negro,Negro,41
Zapatillas Saucony Shadow 5000 Hombre Azul 44 Azul,Azul,44
Chaqueta de fibras The North Face Thermoball Hoodie Hombre Gris Oscuro S Gris Oscuro,Gris Oscuro,S
Zapatillas Saucony Jazz Original Vintage Niños Verde 32 Verde,Verde,32
Pies de gato La Sportiva Tarantula mujer Turquoise 38.5 Turquesa,Turquesa,38.5
Pies de gato La Sportiva Finale Sulphur-Blue 38 Amarillo/Azul,Amarillo/Azul,38
Sudadera The North Face Drew Peak Hombre Gris Negro XL Gris/Negro,Gris/Negro,XL
BOTAS CHIRUCA CAMEROS 02 MARRON 41 Marron,Marron,41
Botas Merrell Accentor Sport Mid Goretex Mujer Negro Acuífero 39 Negro/azul,Negro/Azul,39
Chaqueta trail running Salomon Bonatti Wp Hombre Azul Naranja S Azul/Naranja,Azul/Naranja,S
BOTAS CHIRUCA TROLL 06 GORE-TEX LILA 31 Lila,Lila,31
CAMISETA INTERIOR TRX2 WOOL WM PRO TRANGO GRIS CLARO-GRIS OSCURO XS Gris,Gris,XS
BOTAS CHIRUCA GREDOS SUPRA 12 GORE-TEX MARRON 43 Marron,Marron,43
Zapatillas Trail Running Salomon Wings Pro 2 Hombre Naranja 42 2/3 Naranja,Naranja,42 2/3
Pies de gato La Sportiva Finale Sulphur-Blue 45.5 Amarillo/Azul,Amarillo/Azul,45.5
BOTAS CHIRUCA MASSANA 05 GORE-TEX ASFALTO-ROJO 37 Asfalto,Asfalto,37
Botas Boreal DROM MID GRAFITO 39.5 Gris/Verde,Gris/Verde,39.5
Botas La Sportiva Trango Trk Mujer Gtx Azul 39 Azul,Azul,39
BOTAS CHIRUCA BASSET 12 GORE-TEX MARRON 41 Marron,Marron,41
Zapatillas Boreal Chameleon Azul 47 Azul,Azul,47
BOTAS CHIRUCA MONIQUE 09 GORE-TEX GRIS-ROJO 37 Gris/Rojo,Gris/Rojo,37
BOTAS CHIRUCA PANTICOSA 06 GORE-TEX GRIS 37 Gris,Gris,37
Pies de gato La Sportiva Katana Tangerine-Tropic Blue 38.5 Naranja/Azul,Naranja/Azul,38.5
Zapatillas Boreal BAMBA W'S GRANATE 38 Granate,Granate,38
Botas Salomon X Ultra 3 Mid GTX Mujer Gris 36 2/3 Gris,Gris,36 2/3
Chaqueta Soft Shell Trekking Izas Copper Hombre Gris S Gris,Gris,S
Zapatillas Nike Flex Contact 2 Hombre Negro 43 Negro,Negro,43
Zapatillas Nike Air Max Motion Lw Gs Negro 38 Negro,Negro,38
"Zapatillas Columbia Canyon Point Hombre Negro 43,5 Negro",Negro,"43,5"
ZAPATILLAS LA SPORTIVA AKYRA GORETEX HOMBRE CARBÓN VERDE MANZANA 42 Carbon,Carbon,42
Mallas Running Nike Pro Overdrive Gris Mujer L Gris,Gris,L
Zapatillas Chiruca Maracaibo 09 Rojo 40 Rojo,Rojo,40
Pies de gato La Sportiva Mythos Terra 40 Tierra Oscura,Tierra Oscura,40
Botas Boreal BAMBA MID WS GRIS 39.5 Gris,Gris,39.5
Zapatillas Trail Running Salomon Sense Ride Mujer Azul 38 2/3 Azul,Azul,38 2/3
Pantalones TrangoWorld Kasu FI Hombre Gris M Gris,Gris,M
Zapatillas Merrell Moab 2 Goretex Hombre Navy 44 Navy,Navy,44
Zapatillas Merrell Moab 2 GoreTex Hombre Navy 41 Navy,Navy,41
BOTAS CHIRUCA BASSET 12 GORE-TEX MARRON 41 Marron,Marron,41
Botas La Sportiva Trango Trk Gtx Amarillo Negro 44.5 Amarillo/Negro,Amarillo/Negro,44.5
Pantalones Chiruca Silvano Pro 11 Hombre L Kaki,Kaki,L
Camiseta Trekking Haglöfs Apex Logo Hombre M Rojo,Rojo,M
Pies de gato La Sportiva Solution mujer White-Lily Orange 39.5 Blanco/Naranja,Blanco/Naranja,39.5
Pies de gato La Sportiva Skwama Black-Yellow 46 Negro/Amarillo,Negro/Amarillo,46
Zapatillas Saucony Excursion Tr12 Hombre Negro Azul 46 Negro/azul,Negro/Azul,46
"Zapatillas Nike Downshifter 8 Hombre Lobo Gris 42,5 Gris",Gris,"42,5"
Pantalones Chiruca Silvano Pro 11 Hombre M Kaki,Kaki,M
Pies de gato La Sportiva TC Pro 41 Crema,Crema,41
Chaqueta Sieber Complet Gtx Trango Rojo Fuego 2xl Rojo,Rojo,2XL
Pies de gato La Sportiva Finale mujer Grey-Coral 33 Gris/Coral,Gris/Coral,33
Zapatillas Salomon Sense Ride 2 Hombre Dalia Roja 44 Rojo,Rojo,44
Zapatillas Salomon Xa Pro 3d Goretex Hombre Negro 48 Negro,Negro,48
Zapatillas trail running Salomon Xa Pro 3D GTX Hombre Navy 44 Navy,Navy,44
Pies de gato La Sportiva Miura Lime 43 Lima,Lima,43
Zapatillas Boreal FUTURA ANTRACITA 46.5 Antracita,Antracita,46.5
Zapatillas La Sportiva Ultra Raptor Hombre Azul Amarillo 41.5 Azul/Amarillo,Azul/Amarillo,41.5
Zapatillas Salomon X Ultra 3 Gtx Hombre Azul Azul 42 Azul/azul,Azul/Azul,42
Zapatillas La Sportiva Kaptiva GoreTex Hombre Negro Amarillo 43.5 Negro/Amarillo,Negro/Amarillo,43.5
Mallas Running Nike Pro Overdrive Gris Mujer L Gris,Gris,L
"Zapatillas New Balance U410 Hombre Burdeos 47,5 Burdeos",Burdeos,"47,5"
Zapatillas Boreal SENDAI WS GRIS 40 Gris,Gris,40
BOTAS Chiruca Somiedo 12 GoreTex Hombre MARRÓN 41 Marron,Marron,41
Botas Boreal KERALA GRIS 41.5 Gris,Gris,41.5
Chaqueta Mac In A Sac Mias Ultra Negro Naranja L Negro/Naranja,Negro/Naranja,L
Pies de gato La Sportiva Skwama mujer Apple Green-Cobalt Blue 36.5 Verde/Azul,Verde/Azul,36.5
Botas Senderismo Hi-tec Riverstone Wp Hombre Gris 41 Gris,Gris,41
Botas Montaña Millet Ld High Route Mesh Hombre 44 2/3 Gris,Gris,44 2/3
Botas Boreal STRIDER 42.5 Marron,Marron,42.5
Pies de gato La Sportiva TaRENTula 42 Gris,Gris,42
Botas The North Face Storm Strike Wp Hombre Negro 44 Negro,Negro,44
Pies de gato La Sportiva Finale VS mujer Grey-Coral 37 Gris/Coral,Gris/Coral,37
Botas Salomon X Ultra 3 Mid Gtx Mujer Gris 40 Gris,Gris,40
Pies de gato La Sportiva Miura mujer White-Jade Green 39.5 Blanco/Verde,Blanco/Verde,39.5
Sandalias Chiruca Baleares 01 Beig-verde 39 Beig,Beig,39
Pantalones Ternua Natib Hombre Plata Profunda L Plata,Plata,L
CHIRUCA BOXER BOA 01 GORETEX HOMBRE 43 Marron verdoso,Marron verdoso,43
Pies de gato La Sportiva Skwama mujer Apple Green-Cobalt Blue 38 Verde/Azul,Verde/Azul,38
BOTAS CHIRUCA DYNAMIC 05 GORE-TEX GRIS-ROJO 42 Gris/Rojo,Gris/Rojo,42
Zapatillas Salomon Ultra Pro Hombre Naranja Azul 42 Naranja/azul,Naranja/Azul,42
Zapatillas Nike Downshifter 8 Hombre Azul 43 Azul,Azul,43
Pies de gato La Sportiva Otaki Blue-Flame 39 Azul/Naranja,Azul/Naranja,39
Pies de gato La Sportiva Futura Blue-Yellow 37.5 Azul/Amarillo,Azul/Amarillo,37.5
Zapatillas Boreal FUTURA WS GRIS 41.5 Gris,Gris,41.5
Zapatillas Chiruca Cuba 05 Gore-tex Gris-azul-rosa 36 Gris/azul,Gris/Azul,36
Camiseta Salomon Coton Logo Ss Tee Hombre Rojo Azul L Rojo/azul,Rojo/Azul,L
Zapatillas Nike Flex Experience Rn 7 Mujer Lobo Gris 39 Gris/blanco,Gris/Blanco,39
Zapatillas New Balance KD373 Morado 40 Morado,Morado,40
Pies de gato La Sportiva Solution mujer White-Lily Orange 41 Blanco/Naranja,Blanco/Naranja,41
CAMISETA INTERIOR TRX2 WOOL WM PRO TRANGO GRIS CLARO-GRIS OSCURO XS Gris,Gris,XS
Zapatillas Saucony Jazz Original Vintage Azul Marino Hombre 44 Azul Marino,Azul Marino,44
Pies de gato La Sportiva Futura mujer Jade Green-White 36.5 Verde/Blanco,Verde/Blanco,36.5
BOTAS CHIRUCA CLETA 02 MARRON 43 Marron,Marron,43
Pies de gato La Sportiva Kataki Ocean-Sulphur 40.5 Azul/Amarillo,Azul/Amarillo,40.5
Zapatillas Boreal AZTEC WOMEN'S 37.5 Gris,Gris,37.5
"ATTIPAS - Calzado los primeros pasos urban attipas 21,5 AMARILLO",AMARILLO,"21,5"
Botas Hi-tec Ravus Adventure Mid Wp Hombre Chocolate 42 Chocolate,Chocolate,42
BOTAS CHIRUCA DYNAMIC 52 GORE-TEX MARRON 40 Marron,Marron,40
BOTAS CHIRUCA CARES 52 GORE-TEX MARRON 41 Marron,Marron,41
CHAQUETA RUNART TRANGO LIMA-LIMA L Lima,Lima,L
Botas De Montaña Salomon Quest 4d 2 Gtx Hombre Negro 44 2/3 Negro,Negro,44 2/3
Chaqueta Campagnolo Fix Hood 3Z23677 Hombre Antracita 50 Antracita,Antracita,50
Pies de gato La Sportiva Kataki Ocean-Sulphur 42 Azul/Amarillo,Azul/Amarillo,42
Botas Boreal Tempest Mid Marron 43 1/4 Marron,Marron,43 1/4
Zapatillas Columbia Redmond V2 Wp Mujer Acero Gris Ciruela Púrpura 38 Gris,Gris,38
Chaqueta Soft Shell Breezy Willy Willy Mujer Negro M Negro,Negro,M
BOTAS CHIRUCA MASSANA 05 GORE-TEX ASFALTO-ROJO 40 Asfalto,Asfalto,40
"Botas Boreal Brenta 48,5 Naranja",Naranja,"48,5"
Pies de gato La Sportiva Solution mujer White-Lily Orange 38 Blanco/Naranja,Blanco/Naranja,38
ZAPATILLAS CHIRUCA DETROIT 12 GORE-TEX MARRON 40 Marron,Marron,40
Pies de gato La Sportiva Otaki Blue-Flame 37.5 Azul/Naranja,Azul/Naranja,37.5
Pies de gato La Sportiva Skwama mujer Apple Green-Cobalt Blue 41 Verde/Azul,Verde/Azul,41
Zapatillas Hi-Tec Forza Low WP Niños 37 Gris/Amarillo,Gris/Amarillo,37
ZAPATILLAS LA SPORTIVA ULTRA RAPTOR HOMBRE NEGRO AMARILLO 41 Negro/Amarillo,Negro/Amarillo,41
Zapatillas Boreal GLOVE W'S MALVA 37 Morado,Morado,37
Zapatillas Merrell Chameleon 7 Limit WP Hombre Stone 41 Gris,Gris,41
Sandalias Teva Hurricane Xlt2 Hombre Bumerang Negro 42 Negro,Negro,42
ATTIPAS - Zapatos primeros pasos attipas tie 19 GRIS,GRIS,19
Zapatillas La Sportiva Falkon Low 27-35 Gris 30 Gris,Gris,30
Zapatillas La Sportiva Akyra Hombre Amarillo 41 Amarillo,Amarillo,41
Pies de gato La Sportiva Skwama mujer Apple Green-Cobalt Blue 39.5 Verde/Azul,Verde/Azul,39.5
ZAPATILLAS LA SPORTIVA MUTANT MUJER ÓPALO AGUA 36.5 Agua,Agua,36.5
Pies de gato La Sportiva Genius 41 Rojo/Amarillo,Rojo/Amarillo,41
"Zapatillas Saucony Jazz Trail Original Hombre Verde 42,5 Verde",Verde,"42,5"
BOTAS Chiruca Texas Hi Vis 08 GTX Hombre 43 Kaki,Kaki,43
BOTAS CHIRUCA TROLL 06 GORE-TEX LILA 38 Lila,Lila,38
Botas Chiruca Massana 06 Goretex Mujer Gris Morado 38 Gris,Gris,38
Botas Salomon X Ultra 3 Mid Gtx Hombre Rojo 46 Rojo,Rojo,46
Botas De Montaña Millet High Route Gtx Hombre 44 2/3 Marron,Marron,44 2/3
Botas Salomon X Ultra 3 Mid GTX Hombre Castor Gray 43 1/3 Gris,Gris,43 1/3
Zapatillas Saucony Azura Hombre Blanco 41 Blanco,Blanco,41
Sandalias Chiruca Malibu 07 Mujer Coral 41 Coral,Coral,41
Botas Trekking Salomon Authentic Ltr Gtx Hombre Verde 44 Verde,Verde,44
Botas Boreal ZANSKAR FULL GRAIN 42 Marron,Marron,42
Pies de gato La Sportiva Tarantula mujer Turquoise 39 Turquesa,Turquesa,39
Botas Boreal KOVACH GRIS 44 Gris,Gris,44
Pantalones Trangoworld Prote Fi Hombre Gris Amarillo S Gris/Amarillo,Gris/Amarillo,S
Botas Boreal BAMBA MID GRIS 47 Gris,Gris,47
Zapatillas Merrell Moab 2 Goretex Hombre Navy 45 Navy,Navy,45
Botas De Montaña Merrell Tucson Mid Waterproof Hombre 45 Marron,Marron,45
Sudadera De Trekking Trango World Kura Niños Azul 4 Azul,Azul,4
Pantalones Salomon S-Lab Short 6 M Hombre Negro Negro M,Negro,M
Pies de gato La Sportiva Miura mujer White-Jade Green 34 Blanco/Verde,Blanco/Verde,34
Zapatillas New Balance Fuel Core Coast Mujer Rosa 39 Rosa,Rosa,39
Zapatillas Columbia Canyon Point Hombre Negro 46 Negro,Negro,46
Chaqueta Hara Trango Carmesi M Rosa,Rosa,M
Zapatillas Trail Running La Sportiva Bushido Hombre Negro Naranja 41 Negro/naranja,Negro/Naranja,41
Botas Campagnolo Rigel Mid Wp Hombre Azul Verde 44 Verde/azul,Verde/Azul,44
BOTAS CHIRUCA PANTICOSA 06 GORE-TEX GRIS 39 Gris,Gris,39
Zapatillas Trail Running La Sportiva Akyra Mujer Azul Naranja 37 Azul/naranja,Azul/Naranja,37
Botas Merrell Accentor Sport Mid Goretex Mujer Negro Acuífero 40 Negro/azul,Negro/Azul,40
Pies de gato La Sportiva Genius 39 Rojo/Amarillo,Rojo/Amarillo,39
BOTAS CHIRUCA MONIQUE 01 GORE-TEX GRIS-VERDE 40 Gris/Verde,Gris/Verde,40
Botas Boreal Karok Women's 40 Gris,Gris,40
Zapatillas New Balance Fuelcore Nergize Mujer Rosa Palo 40 Rosa Palo,Rosa Palo,40
Botas La Sportiva Olympus Mons Evo Negro Amarillo 41 Negro/amarillo,Negro/Amarillo,41
Botas de montaña Salomon X Alp Mid Ltr Gtx Hombre Gris 41 1/3 Gris,Gris,41 1/3
Sandalias Chiruca Malibu 07 Mujer Coral 39 Coral,Coral,39
Pies de gato La Sportiva Solution White-Yellow 40.5 Blanco/Amarillo,Blanco/Amarillo,40.5
Camiseta De Trekking The North Face Easy Tee Hombre Negro L Negro,Negro,L
Botas Chiruca Dallas 12 Gore-tex Marron 45 Marron,Marron,45
Pies de gato La Sportiva Solution White-Yellow 42.5 Blanco/Amarillo,Blanco/Amarillo,42.5
Botas Salomon X Ultra 3 Mid Gtx Hombre Rojo 46 Rojo,Rojo,46
Pies de gato La Sportiva Finale VS mujer Grey-Coral 39 Gris/Coral,Gris/Coral,39
Zapatillas Salomon Xa Pro 3d Goretex Hombre Negro 44 2/3 Negro,Negro,44 2/3
Zapatillas New Balance Fresh Foam Hierro V3 Hombre Imán Negro 47 Negro,Negro,47
"Sandalias Teva Hurricane Xlt2 Hombre Bumerang Negro 39,5 Negro",Negro,"39,5"
ZAPATILLAS CHIRUCA DETROIT 12 GORE-TEX MARRON 40 Marron,Marron,40
Botas Chiruca Aragon 08 Goretex Hombre 44 Gris,Gris,44
Pies de gato La Sportiva Futura Blue-Yellow 39.5 Azul/Amarillo,Azul/Amarillo,39.5
Pies de gato La Sportiva Kataki mujer Mint-Coral 35 Menta,Menta,35
Botas Boreal NELION WOMEN'S 42 Lima,Lima,42
Zapatillas Salomon Outline GoreTex Hombre Blazer Azul Marino 45 1/3 Navy,Navy,45 1/3
Pies de gato La Sportiva Skwama Black-Yellow 35 Negro/Amarillo,Negro/Amarillo,35
Botas Trangoworld Xico Hombre Negro 37 Negro,Negro,37
Chaqueta Argualas Trango Verde Caza L Verde,Verde,L
Pies de gato La Sportiva Skwama mujer Apple Green-Cobalt Blue 38 Verde/Azul,Verde/Azul,38
Zapatillas trail running La Sportiva Akasha Hombre Negro 42.5 Negro/Amarillo,Negro/Amarillo,42.5
"Zapatillas Saucony Excursion Tr12 Mujer Azul Negro 38,5 Azul/negro",Azul/Negro,"38,5"
Zapatillas Salomon X Radiant Goretex Hombre Beluga 41 1/3 Gris Oscuro,Gris Oscuro,41 1/3
Zapatillas New Balance Wl574 Mujer Coral 39 Coral,Coral,39
Pantalones Trangoworld Prote Fi Hombre Gris Azul S Gris/Azul,Gris/Azul,S
CHAQUETA ASPEN TRANGO AZUL OSCURO L Azul oscuro,Azul oscuro,L
ATTIPAS - Zapatos bebé ribbon gris attipas 19 GRIS,GRIS,19
Botas De Montaña Millet High Route Gtx Hombre 43 1/3 Marron,Marron,43 1/3
"Zapatillas Nike Court Borough Low Se Gs Negro Gris 37,5 Negro/gris",Negro/Gris,"37,5"
Chaqueta Fibra Ternua Kongur Jacket Hombre Rojo M Rojo,Rojo,M
ZAPATILLAS CHIRUCA DETROIT 12 GORE-TEX MARRON 43 Marron,Marron,43
Zapatillas New Balance Gw500 Mujer Gris Rosado 41 Gris/rosa,Gris/Rosa,41
Saco Lc 450 Ua Trango Negro-antracita Derecha Negro,Negro,Derecha
Pies de gato La Sportiva Solution mujer White-Lily Orange 40.5 Blanco/Naranja,Blanco/Naranja,40.5
Pies de gato La Sportiva Otaki Blue-Flame 38.5 Azul/Naranja,Azul/Naranja,38.5
Pies de gato La Sportiva Skwama mujer Apple Green-Cobalt Blue 40 Verde/Azul,Verde/Azul,40
Zapatillas Merrell Outmost Vent GoreTex Hombre Canguro 42 Marron,Marron,42
Chaqueta Ternua Jaksam Hombre Verde M Verde,Verde,M
Pies de gato La Sportiva Katana Tangerine-Tropic Blue 43 Naranja/Azul,Naranja/Azul,43
Pies de gato La Sportiva Miura mujer White-Jade Green 35 Blanco/Verde,Blanco/Verde,35
"Botas La Sportiva Nepal Cube Gtx Amarillo 39,5 Amarillo",Amarillo,"39,5"
Botas La Sportiva Trango Tech Gtx Negro-Amarillo 40 Negro/Amarillo,Negro/Amarillo,40
Botas Chiruca Massana 07 Gore-tex Burdeos 40 Burdeos,Burdeos,40
BOTAS CHIRUCA GREDOS SUPRA 05 GORE-TEX GRIS 41 Gris,Gris,41
Botas Senderismo Hi-tec Riverstone Wp Hombre Taupe 47 Taupe,Taupe,47
BOTAS CHIRUCA RIGLOS 05 GRIS 42 Gris,Gris,42
BOTAS CHIRUCA GALICIA 02 GORE-TEX MARRON 43 Marron,Marron,43
Zapatillas Nike Revolution 4 Eu Hombre Navy Medianoche 42 Azul Marino,Azul Marino,42
Botas Boreal TEMPEST MID GRAFITO 40 3/4 Gris/Verde,Gris/Verde,40 3/4
BOTAS CHIRUCA MASSANA 05 GORE-TEX ASFALTO-ROJO 37 Asfalto,Asfalto,37
Zapatillas Salomon X Ultra 3 Goretex Hombre Cuerda Elástica 45 1/3 Marron,Marron,45 1/3
Botas Hi-tec Ravus Adventure Mid Wp Hombre Marron 43 Marron,Marron,43
Chaqueta Chalune Trango Negro M Negro,Negro,M
Botas Salomon X Ultra 3 Mid Gtx Mujer Azul Lima 40 Azul/verde,Azul/Verde,40
BOTAS CHIRUCA DALLAS 12 GORE-TEX MARRON 42 Marron,Marron,42
Zapatillas Salomon Xa Pro 3d J Niños Cerise 31 Cereza,Cereza,31
"Zapatillas La Sportiva Lycan Hombre Negro Naranja 43,5 Negro/naranja",Negro/Naranja,"43,5"
CAMISETA INTERIOR TRX2 WOOL WM PRO TRANGO GRIS CLARO-GRIS OSCURO L Gris,Gris,L
Pantalones Breezy Coromell Hombre Negro Rojo XL Negro/Rojo,Negro/Rojo,XL
Camiseta Termica Hg Sport 8010 Hombre XL Blanco,Blanco,XL
"Zapatillas New Balance Gm500 Hombre Gris Plata 47,5 Plata",Plata,"47,5"
Pies de gato La Sportiva Katana Tangerine-Tropic Blue 35 Naranja/Azul,Naranja/Azul,35
Botas Senderismo Hi-tec Riverstone Wp Hombre Taupe 47 Taupe,Taupe,47
Zapato Bomio Ip Trango Marron Chocolate 42 Marron,Marron,42
Pies de gato La Sportiva Otaki mujer Sulphur-Coral 36 Amarillo/Rosa,Amarillo/Rosa,36
"Zapatillas Trail Running La Sportiva Bushido Hombre Gris Verde 41,5 Gris/verde",Gris/Verde,"41,5"
Botas Chiruca Xacobeo 12 GoreTex Hombre Marron 42 Marron,Marron,42
Zapatillas Boreal FLYERS VENT MARINO 42 Azul Marino,Azul Marino,42
Pies de gato La Sportiva Katana Tangerine-Tropic Blue 43.5 Naranja/Azul,Naranja/Azul,43.5
Botas Boreal ASPEN GIRLS 34 Gris/Turquesa,Gris/Turquesa,34
Zapatillas Nike Revolution 4 Eu Hombre Rojo 42 Rojo,Rojo,42
Zapatillas La Sportiva Wild Cat Mujer Gris Rojo 38 Gris/Rojo,Gris/Rojo,38
Pies de gato La Sportiva Genius 41.5 Rojo/Amarillo,Rojo/Amarillo,41.5
Zapatillas Saucony Jazz Original Vintage Hombre Negro Negro 39 Negro,Negro,39
Pies de gato La Sportiva Futura mujer Jade Green-White 38.5 Verde/Blanco,Verde/Blanco,38.5
Chaqueta Fibra Ternua Kongur Jacket Hombre Rojo M Rojo,Rojo,M
"Zapatillas Saucony Jazz Original Amarillo Azul 36,5 Amarillo/azul",Amarillo/Azul,"36,5"
Pies de gato La Sportiva Solution mujer White-Lily Orange 37.5 Blanco/Naranja,Blanco/Naranja,37.5
Chaqueta Columbia Mission Air Interchange Hombre Verde Oliva M Verde Oliva,Verde oliva,M
Zapatillas Chiruca Maracaibo 19 Morado 37 Morado,Morado,37
Zapatillas La Sportiva Falkon Gtx 27-35 Gris 27 Gris,Gris,27
Botas La Sportiva Trango Trk Gtx Amarillo Negro 41.5 Amarillo/Negro,Amarillo/Negro,41.5
Zapatillas Salomon Sense Ride 2 Hombre Dalia Roja 45 1/3 Rojo,Rojo,45 1/3
Botas Salomon X Ultra 3 Mid Gtx Mujer Hydro 36 2/3 Azul,Azul,36 2/3
Sandalias Chiruca Surinam 15 Gris 43 Gris,Gris,43
Sandalias Chiruca Surinam 15 Gris 43 Gris,Gris,43
